-- phpMyAdmin SQL Dump
-- version 4.9.4
-- https://www.phpmyadmin.net/
--
-- Host: localhost:3306
-- Generation Time: Mar 17, 2021 at 08:46 PM
-- Server version: 5.6.49
-- PHP Version: 7.3.6

SET SQL_MODE = "NO_AUTO_VALUE_ON_ZERO";
SET AUTOCOMMIT = 0;
START TRANSACTION;
SET time_zone = "+00:00";


/*!40101 SET @OLD_CHARACTER_SET_CLIENT=@@CHARACTER_SET_CLIENT */;
/*!40101 SET @OLD_CHARACTER_SET_RESULTS=@@CHARACTER_SET_RESULTS */;
/*!40101 SET @OLD_COLLATION_CONNECTION=@@COLLATION_CONNECTION */;
/*!40101 SET NAMES utf8mb4 */;

--
-- Database: `noorulhu_csgo`
--

-- --------------------------------------------------------

--
-- Table structure for table `tbl_battle`
--

CREATE TABLE `tbl_battle` (
  `id` int(11) NOT NULL,
  `user_id` int(11) NOT NULL,
  `status` int(11) NOT NULL DEFAULT '0',
  `created_at` timestamp NOT NULL DEFAULT CURRENT_TIMESTAMP,
  `updated_at` timestamp NOT NULL DEFAULT CURRENT_TIMESTAMP
) ENGINE=InnoDB DEFAULT CHARSET=utf8mb4;

--
-- Dumping data for table `tbl_battle`
--

INSERT INTO `tbl_battle` (`id`, `user_id`, `status`, `created_at`, `updated_at`) VALUES
(40, 10, 1, '2020-12-26 19:28:50', '2020-12-26 19:28:50'),
(41, 8, 1, '2020-12-26 21:30:18', '2020-12-26 21:30:18'),
(42, 8, 1, '2020-12-26 21:40:06', '2020-12-26 21:40:06'),
(43, 8, 1, '2020-12-26 21:41:24', '2020-12-26 21:41:24'),
(44, 8, 1, '2020-12-26 21:42:26', '2020-12-26 21:42:26'),
(45, 8, 1, '2020-12-26 21:44:16', '2020-12-26 21:44:16'),
(46, 8, 1, '2020-12-26 21:50:43', '2020-12-26 21:50:43'),
(47, 8, 1, '2020-12-26 21:53:12', '2020-12-26 21:53:12'),
(48, 10, 1, '2020-12-31 17:17:47', '2020-12-31 17:32:15'),
(49, 12, 1, '2020-12-31 21:29:40', '2020-12-31 21:31:58'),
(50, 12, 1, '2020-12-31 21:32:30', '2020-12-31 21:33:04'),
(51, 12, 1, '2020-12-31 21:33:37', '2020-12-31 21:34:08'),
(52, 12, 1, '2020-12-31 21:37:00', '2020-12-31 21:37:32'),
(53, 12, 1, '2020-12-31 21:38:15', '2020-12-31 21:38:36'),
(54, 12, 1, '2020-12-31 21:40:29', '2020-12-31 21:41:06'),
(55, 8, 1, '2020-12-31 21:42:39', '2020-12-31 21:42:39'),
(56, 8, 1, '2020-12-31 23:01:20', '2020-12-31 23:02:03'),
(57, 8, 1, '2020-12-31 23:03:02', '2020-12-31 23:03:27'),
(58, 8, 1, '2020-12-31 23:05:07', '2020-12-31 23:06:21'),
(59, 8, 1, '2020-12-31 23:07:37', '2020-12-31 23:08:02'),
(61, 8, 1, '2021-01-06 04:24:21', '2021-01-06 04:24:49'),
(62, 12, 1, '2021-01-06 04:26:09', '2021-01-06 04:27:26'),
(63, 8, 1, '2021-01-06 04:29:29', '2021-01-06 04:29:53'),
(64, 12, 1, '2021-01-06 04:32:00', '2021-01-06 04:32:36'),
(65, 8, 1, '2021-01-06 04:33:41', '2021-01-06 04:34:00'),
(66, 8, 1, '2021-01-06 05:12:04', '2021-01-06 05:14:48'),
(67, 9, 1, '2021-01-06 05:22:22', '2021-01-06 05:23:10'),
(68, 8, 1, '2021-01-06 06:32:55', '2021-01-06 06:33:15'),
(69, 8, 1, '2021-01-06 06:34:30', '2021-01-06 06:34:53'),
(71, 10, 1, '2021-01-06 21:59:02', '2021-01-06 21:59:39'),
(74, 10, 1, '2021-01-07 02:15:04', '2021-01-07 02:15:33'),
(75, 10, 1, '2021-01-07 02:19:41', '2021-01-07 02:26:50'),
(76, 8, 1, '2021-01-07 06:05:16', '2021-01-07 06:05:39'),
(77, 12, 1, '2021-01-07 06:06:19', '2021-01-07 06:06:52'),
(78, 12, 1, '2021-01-07 06:11:04', '2021-01-07 06:11:40'),
(79, 12, 1, '2021-01-07 06:16:22', '2021-01-07 06:16:54'),
(80, 10, 1, '2021-01-08 01:31:02', '2021-01-08 01:31:40'),
(81, 8, 1, '2021-01-08 04:30:19', '2021-01-08 04:30:39'),
(82, 8, 1, '2021-01-08 04:31:12', '2021-01-08 04:31:34'),
(83, 8, 1, '2021-01-08 04:32:03', '2021-01-08 04:32:23'),
(84, 8, 1, '2021-01-08 04:48:16', '2021-01-08 04:48:42'),
(85, 8, 1, '2021-01-08 04:49:29', '2021-01-08 04:49:48'),
(88, 12, 1, '2021-03-10 07:25:58', '2021-03-10 07:26:23'),
(89, 8, 1, '2021-03-10 07:33:06', '2021-03-10 07:35:25');

-- --------------------------------------------------------

--
-- Table structure for table `tbl_battle_detail`
--

CREATE TABLE `tbl_battle_detail` (
  `id` int(11) NOT NULL,
  `case_id` int(11) NOT NULL,
  `qty` int(11) NOT NULL,
  `battle_id` int(11) NOT NULL,
  `created_at` timestamp NOT NULL DEFAULT CURRENT_TIMESTAMP,
  `updated_at` timestamp NOT NULL DEFAULT CURRENT_TIMESTAMP
) ENGINE=InnoDB DEFAULT CHARSET=utf8mb4;

--
-- Dumping data for table `tbl_battle_detail`
--

INSERT INTO `tbl_battle_detail` (`id`, `case_id`, `qty`, `battle_id`, `created_at`, `updated_at`) VALUES
(48, 33, 2, 40, '2020-12-26 19:28:50', '2020-12-26 19:28:50'),
(49, 36, 1, 41, '2020-12-26 21:30:18', '2020-12-26 21:30:18'),
(50, 36, 2, 42, '2020-12-26 21:40:06', '2020-12-26 21:40:06'),
(51, 33, 2, 42, '2020-12-26 21:40:06', '2020-12-26 21:40:06'),
(52, 32, 2, 43, '2020-12-26 21:41:24', '2020-12-26 21:41:24'),
(53, 36, 2, 44, '2020-12-26 21:42:26', '2020-12-26 21:42:26'),
(54, 36, 30, 45, '2020-12-26 21:44:16', '2020-12-26 21:44:16'),
(55, 36, 3, 46, '2020-12-26 21:50:43', '2020-12-26 21:50:43'),
(56, 36, 1, 47, '2020-12-26 21:53:12', '2020-12-26 21:53:12'),
(57, 33, 1, 47, '2020-12-26 21:53:12', '2020-12-26 21:53:12'),
(58, 32, 1, 47, '2020-12-26 21:53:12', '2020-12-26 21:53:12'),
(59, 36, 1, 48, '2020-12-31 17:17:47', '2020-12-31 17:17:47'),
(60, 33, 1, 48, '2020-12-31 17:17:47', '2020-12-31 17:17:47'),
(61, 36, 1, 49, '2020-12-31 21:29:40', '2020-12-31 21:29:40'),
(62, 36, 1, 50, '2020-12-31 21:32:30', '2020-12-31 21:32:30'),
(63, 36, 1, 51, '2020-12-31 21:33:37', '2020-12-31 21:33:37'),
(64, 33, 1, 51, '2020-12-31 21:33:37', '2020-12-31 21:33:37'),
(65, 37, 1, 52, '2020-12-31 21:37:00', '2020-12-31 21:37:00'),
(66, 37, 1, 53, '2020-12-31 21:38:15', '2020-12-31 21:38:15'),
(67, 36, 1, 53, '2020-12-31 21:38:15', '2020-12-31 21:38:15'),
(68, 37, 2, 54, '2020-12-31 21:40:29', '2020-12-31 21:40:29'),
(69, 36, 2, 54, '2020-12-31 21:40:29', '2020-12-31 21:40:29'),
(70, 33, 2, 54, '2020-12-31 21:40:29', '2020-12-31 21:40:29'),
(71, 32, 2, 54, '2020-12-31 21:40:29', '2020-12-31 21:40:29'),
(72, 37, 1, 55, '2020-12-31 21:42:39', '2020-12-31 21:42:39'),
(73, 36, 1, 55, '2020-12-31 21:42:39', '2020-12-31 21:42:39'),
(74, 37, 1, 56, '2020-12-31 23:01:20', '2020-12-31 23:01:20'),
(75, 37, 2, 57, '2020-12-31 23:03:02', '2020-12-31 23:03:02'),
(76, 36, 2, 57, '2020-12-31 23:03:02', '2020-12-31 23:03:02'),
(77, 37, 4, 58, '2020-12-31 23:05:07', '2020-12-31 23:05:07'),
(78, 37, 2, 59, '2020-12-31 23:07:37', '2020-12-31 23:07:37'),
(81, 37, 2, 61, '2021-01-06 04:24:21', '2021-01-06 04:24:21'),
(82, 36, 3, 61, '2021-01-06 04:24:21', '2021-01-06 04:24:21'),
(83, 37, 1, 62, '2021-01-06 04:26:09', '2021-01-06 04:26:09'),
(84, 37, 10, 63, '2021-01-06 04:29:29', '2021-01-06 04:29:29'),
(85, 37, 2, 64, '2021-01-06 04:32:00', '2021-01-06 04:32:00'),
(86, 37, 3, 65, '2021-01-06 04:33:41', '2021-01-06 04:33:41'),
(87, 37, 5, 66, '2021-01-06 05:12:04', '2021-01-06 05:12:04'),
(88, 37, 1, 67, '2021-01-06 05:22:22', '2021-01-06 05:22:22'),
(89, 33, 1, 67, '2021-01-06 05:22:22', '2021-01-06 05:22:22'),
(90, 32, 1, 67, '2021-01-06 05:22:22', '2021-01-06 05:22:22'),
(91, 37, 2, 68, '2021-01-06 06:32:55', '2021-01-06 06:32:55'),
(92, 37, 1, 69, '2021-01-06 06:34:30', '2021-01-06 06:34:30'),
(93, 36, 1, 69, '2021-01-06 06:34:30', '2021-01-06 06:34:30'),
(95, 38, 1, 71, '2021-01-06 21:59:02', '2021-01-06 21:59:02'),
(96, 37, 1, 71, '2021-01-06 21:59:02', '2021-01-06 21:59:02'),
(99, 38, 1, 74, '2021-01-07 02:15:04', '2021-01-07 02:15:04'),
(100, 37, 1, 74, '2021-01-07 02:15:04', '2021-01-07 02:15:04'),
(101, 38, 1, 75, '2021-01-07 02:19:41', '2021-01-07 02:19:41'),
(102, 37, 1, 75, '2021-01-07 02:19:41', '2021-01-07 02:19:41'),
(103, 37, 1, 76, '2021-01-07 06:05:16', '2021-01-07 06:05:16'),
(104, 37, 7, 77, '2021-01-07 06:06:19', '2021-01-07 06:06:19'),
(105, 37, 6, 78, '2021-01-07 06:11:04', '2021-01-07 06:11:04'),
(106, 37, 8, 79, '2021-01-07 06:16:22', '2021-01-07 06:16:22'),
(107, 38, 1, 80, '2021-01-08 01:31:02', '2021-01-08 01:31:02'),
(108, 37, 1, 80, '2021-01-08 01:31:02', '2021-01-08 01:31:02'),
(109, 37, 1, 81, '2021-01-08 04:30:19', '2021-01-08 04:30:19'),
(110, 37, 1, 82, '2021-01-08 04:31:12', '2021-01-08 04:31:12'),
(111, 37, 8, 83, '2021-01-08 04:32:03', '2021-01-08 04:32:03'),
(112, 37, 3, 84, '2021-01-08 04:48:16', '2021-01-08 04:48:16'),
(113, 37, 7, 85, '2021-01-08 04:49:29', '2021-01-08 04:49:29'),
(116, 39, 1, 88, '2021-03-10 07:25:58', '2021-03-10 07:25:58'),
(117, 38, 1, 88, '2021-03-10 07:25:58', '2021-03-10 07:25:58'),
(118, 37, 1, 88, '2021-03-10 07:25:58', '2021-03-10 07:25:58'),
(119, 36, 1, 88, '2021-03-10 07:25:58', '2021-03-10 07:25:58'),
(120, 38, 1, 89, '2021-03-10 07:33:06', '2021-03-10 07:33:06'),
(121, 37, 1, 89, '2021-03-10 07:33:06', '2021-03-10 07:33:06'),
(122, 36, 1, 89, '2021-03-10 07:33:06', '2021-03-10 07:33:06');

-- --------------------------------------------------------

--
-- Table structure for table `tbl_battle_player`
--

CREATE TABLE `tbl_battle_player` (
  `id` int(11) NOT NULL,
  `battle_id` int(11) NOT NULL,
  `play_user_id_` int(11) NOT NULL,
  `status` int(11) NOT NULL DEFAULT '0',
  `created_at` timestamp NOT NULL DEFAULT CURRENT_TIMESTAMP,
  `updated_at` timestamp NOT NULL DEFAULT CURRENT_TIMESTAMP
) ENGINE=InnoDB DEFAULT CHARSET=utf8mb4;

--
-- Dumping data for table `tbl_battle_player`
--

INSERT INTO `tbl_battle_player` (`id`, `battle_id`, `play_user_id_`, `status`, `created_at`, `updated_at`) VALUES
(94, 40, 10, 0, '2020-12-26 19:28:50', '2020-12-26 19:28:50'),
(95, 40, 11, 0, '2020-12-26 19:29:21', '2020-12-26 19:29:21'),
(96, 41, 8, 0, '2020-12-26 21:30:18', '2020-12-26 21:30:18'),
(97, 41, 9, 0, '2020-12-26 21:37:59', '2020-12-26 21:37:59'),
(98, 42, 8, 0, '2020-12-26 21:40:06', '2020-12-26 21:40:06'),
(99, 42, 9, 0, '2020-12-26 21:40:34', '2020-12-26 21:40:34'),
(100, 43, 8, 0, '2020-12-26 21:41:24', '2020-12-26 21:41:24'),
(101, 43, 9, 0, '2020-12-26 21:41:38', '2020-12-26 21:41:38'),
(102, 44, 8, 0, '2020-12-26 21:42:26', '2020-12-26 21:42:26'),
(103, 44, 9, 0, '2020-12-26 21:42:47', '2020-12-26 21:42:47'),
(104, 45, 8, 0, '2020-12-26 21:44:16', '2020-12-26 21:44:16'),
(105, 45, 9, 0, '2020-12-26 21:44:32', '2020-12-26 21:44:32'),
(106, 46, 8, 0, '2020-12-26 21:50:43', '2020-12-26 21:50:43'),
(107, 46, 9, 0, '2020-12-26 21:51:18', '2020-12-26 21:51:18'),
(108, 47, 8, 0, '2020-12-26 21:53:12', '2020-12-26 21:53:12'),
(109, 47, 9, 0, '2020-12-26 21:53:44', '2020-12-26 21:53:44'),
(110, 48, 10, 0, '2020-12-31 17:17:47', '2020-12-31 17:17:47'),
(111, 48, 11, 0, '2020-12-31 17:31:59', '2020-12-31 17:31:59'),
(112, 49, 12, 0, '2020-12-31 21:29:40', '2020-12-31 21:29:40'),
(113, 49, 8, 0, '2020-12-31 21:31:29', '2020-12-31 21:31:29'),
(114, 50, 12, 0, '2020-12-31 21:32:30', '2020-12-31 21:32:30'),
(115, 50, 8, 0, '2020-12-31 21:32:46', '2020-12-31 21:32:46'),
(116, 51, 12, 0, '2020-12-31 21:33:37', '2020-12-31 21:33:37'),
(117, 51, 8, 0, '2020-12-31 21:33:56', '2020-12-31 21:33:56'),
(118, 52, 12, 0, '2020-12-31 21:37:00', '2020-12-31 21:37:00'),
(119, 52, 8, 0, '2020-12-31 21:37:23', '2020-12-31 21:37:23'),
(120, 53, 12, 0, '2020-12-31 21:38:15', '2020-12-31 21:38:15'),
(121, 53, 8, 0, '2020-12-31 21:38:28', '2020-12-31 21:38:28'),
(122, 54, 12, 0, '2020-12-31 21:40:29', '2020-12-31 21:40:29'),
(123, 54, 8, 0, '2020-12-31 21:40:50', '2020-12-31 21:40:50'),
(124, 55, 8, 0, '2020-12-31 21:42:39', '2020-12-31 21:42:39'),
(125, 55, 12, 0, '2020-12-31 21:42:59', '2020-12-31 21:42:59'),
(126, 56, 8, 0, '2020-12-31 23:01:20', '2020-12-31 23:01:20'),
(127, 56, 12, 0, '2020-12-31 23:01:43', '2020-12-31 23:01:43'),
(128, 57, 8, 0, '2020-12-31 23:03:02', '2020-12-31 23:03:02'),
(129, 57, 12, 0, '2020-12-31 23:03:20', '2020-12-31 23:03:20'),
(130, 58, 8, 0, '2020-12-31 23:05:07', '2020-12-31 23:05:07'),
(131, 58, 12, 0, '2020-12-31 23:05:59', '2020-12-31 23:05:59'),
(132, 59, 8, 0, '2020-12-31 23:07:37', '2020-12-31 23:07:37'),
(133, 59, 12, 0, '2020-12-31 23:07:50', '2020-12-31 23:07:50'),
(135, 61, 8, 0, '2021-01-06 04:24:21', '2021-01-06 04:24:21'),
(136, 61, 12, 0, '2021-01-06 04:24:44', '2021-01-06 04:24:44'),
(137, 62, 12, 0, '2021-01-06 04:26:09', '2021-01-06 04:26:09'),
(138, 62, 8, 0, '2021-01-06 04:27:17', '2021-01-06 04:27:17'),
(139, 63, 8, 0, '2021-01-06 04:29:29', '2021-01-06 04:29:29'),
(140, 63, 12, 0, '2021-01-06 04:29:46', '2021-01-06 04:29:46'),
(141, 64, 12, 0, '2021-01-06 04:32:00', '2021-01-06 04:32:00'),
(142, 64, 8, 0, '2021-01-06 04:32:20', '2021-01-06 04:32:20'),
(143, 65, 8, 0, '2021-01-06 04:33:41', '2021-01-06 04:33:41'),
(144, 65, 12, 0, '2021-01-06 04:33:55', '2021-01-06 04:33:55'),
(145, 66, 8, 0, '2021-01-06 05:12:04', '2021-01-06 05:12:04'),
(146, 66, 9, 0, '2021-01-06 05:14:42', '2021-01-06 05:14:42'),
(147, 67, 9, 0, '2021-01-06 05:22:22', '2021-01-06 05:22:22'),
(148, 67, 8, 0, '2021-01-06 05:22:55', '2021-01-06 05:22:55'),
(149, 68, 8, 0, '2021-01-06 06:32:55', '2021-01-06 06:32:55'),
(150, 68, 12, 0, '2021-01-06 06:33:10', '2021-01-06 06:33:10'),
(151, 69, 8, 0, '2021-01-06 06:34:30', '2021-01-06 06:34:30'),
(152, 69, 12, 0, '2021-01-06 06:34:44', '2021-01-06 06:34:44'),
(154, 71, 10, 0, '2021-01-06 21:59:02', '2021-01-06 21:59:02'),
(155, 71, 11, 0, '2021-01-06 21:59:29', '2021-01-06 21:59:29'),
(158, 74, 10, 0, '2021-01-07 02:15:04', '2021-01-07 02:15:04'),
(159, 74, 11, 0, '2021-01-07 02:15:26', '2021-01-07 02:15:26'),
(160, 75, 10, 0, '2021-01-07 02:19:41', '2021-01-07 02:19:41'),
(161, 75, 11, 0, '2021-01-07 02:19:59', '2021-01-07 02:19:59'),
(162, 76, 8, 0, '2021-01-07 06:05:16', '2021-01-07 06:05:16'),
(163, 76, 12, 0, '2021-01-07 06:05:32', '2021-01-07 06:05:32'),
(164, 77, 12, 0, '2021-01-07 06:06:19', '2021-01-07 06:06:19'),
(165, 77, 8, 0, '2021-01-07 06:06:39', '2021-01-07 06:06:39'),
(166, 78, 12, 0, '2021-01-07 06:11:04', '2021-01-07 06:11:04'),
(167, 78, 8, 0, '2021-01-07 06:11:28', '2021-01-07 06:11:28'),
(168, 79, 12, 0, '2021-01-07 06:16:22', '2021-01-07 06:16:22'),
(169, 79, 8, 0, '2021-01-07 06:16:40', '2021-01-07 06:16:40'),
(170, 80, 10, 0, '2021-01-08 01:31:02', '2021-01-08 01:31:02'),
(171, 80, 11, 0, '2021-01-08 01:31:19', '2021-01-08 01:31:19'),
(172, 81, 8, 0, '2021-01-08 04:30:19', '2021-01-08 04:30:19'),
(173, 81, 12, 0, '2021-01-08 04:30:34', '2021-01-08 04:30:34'),
(174, 82, 8, 0, '2021-01-08 04:31:12', '2021-01-08 04:31:12'),
(175, 82, 12, 0, '2021-01-08 04:31:28', '2021-01-08 04:31:28'),
(176, 83, 8, 0, '2021-01-08 04:32:03', '2021-01-08 04:32:03'),
(177, 83, 12, 0, '2021-01-08 04:32:18', '2021-01-08 04:32:18'),
(178, 84, 8, 0, '2021-01-08 04:48:16', '2021-01-08 04:48:16'),
(179, 84, 12, 0, '2021-01-08 04:48:36', '2021-01-08 04:48:36'),
(180, 85, 8, 0, '2021-01-08 04:49:29', '2021-01-08 04:49:29'),
(181, 85, 12, 0, '2021-01-08 04:49:42', '2021-01-08 04:49:42'),
(184, 88, 12, 0, '2021-03-10 07:25:58', '2021-03-10 07:25:58'),
(185, 88, 8, 0, '2021-03-10 07:26:15', '2021-03-10 07:26:15'),
(186, 89, 8, 0, '2021-03-10 07:33:06', '2021-03-10 07:33:06'),
(187, 89, 12, 0, '2021-03-10 07:35:16', '2021-03-10 07:35:16');

-- --------------------------------------------------------

--
-- Table structure for table `tbl_battle_win`
--

CREATE TABLE `tbl_battle_win` (
  `id` int(11) NOT NULL,
  `battle_palyer_id` int(11) NOT NULL,
  `skin_id` int(11) NOT NULL
) ENGINE=InnoDB DEFAULT CHARSET=utf8mb4;

-- --------------------------------------------------------

--
-- Table structure for table `tbl_case_category`
--

CREATE TABLE `tbl_case_category` (
  `id` int(11) NOT NULL,
  `category` varchar(25) NOT NULL
) ENGINE=InnoDB DEFAULT CHARSET=utf8mb4;

--
-- Dumping data for table `tbl_case_category`
--

INSERT INTO `tbl_case_category` (`id`, `category`) VALUES
(1, 'Featured'),
(2, 'Official'),
(3, 'Popular');

-- --------------------------------------------------------

--
-- Table structure for table `tbl_case_detail_info`
--

CREATE TABLE `tbl_case_detail_info` (
  `id` int(11) NOT NULL,
  `case_id` int(11) NOT NULL,
  `skin_id` int(11) DEFAULT NULL,
  `odds` double NOT NULL
) ENGINE=InnoDB DEFAULT CHARSET=utf8mb4;

--
-- Dumping data for table `tbl_case_detail_info`
--

INSERT INTO `tbl_case_detail_info` (`id`, `case_id`, `skin_id`, `odds`) VALUES
(21, 27, 2, 10),
(22, 27, 3, 90),
(23, 28, 2, 15),
(24, 28, 3, 85),
(25, 29, 2, 10),
(26, 29, 3, 90),
(27, 31, 2, 10),
(28, 31, 3, 90),
(33, 34, 7, 10),
(34, 34, 8, 90),
(89, 35, 7, 5),
(90, 35, 8, 10),
(91, 35, 3, 25),
(92, 35, 2, 25),
(93, 35, 11, 10),
(94, 35, 9, 20),
(95, 35, 10, 5),
(96, 34, 7, 0),
(97, 34, 2, 20),
(98, 34, 12, 40),
(99, 34, 11, 10),
(100, 34, 9, 20),
(101, 34, 8, 9),
(102, 34, 10, 1),
(103, 35, 7, 5),
(104, 35, 2, 10),
(105, 35, 12, 20),
(106, 35, 11, 25),
(107, 35, 10, 15),
(108, 35, 3, 10),
(109, 35, 2, 15),
(113, 36, 7, 5),
(114, 36, 2, 15),
(115, 36, 11, 20),
(116, 36, 9, 25),
(117, 36, 10, 15),
(118, 36, 8, 20),
(131, 38, 7, 20),
(132, 38, 8, 19),
(133, 38, 14, 1),
(134, 38, 10, 50),
(135, 38, 12, 10),
(141, 37, 7, 5),
(142, 37, 2, 5),
(143, 37, 11, 40),
(144, 37, 12, 40),
(145, 37, 10, 10),
(150, 32, 2, 20),
(151, 32, 3, 30),
(152, 32, 7, 25),
(153, 32, 12, 25),
(154, 39, 7, 20),
(155, 39, 8, 20),
(156, 39, 12, 20),
(157, 39, 2, 39.75),
(158, 39, 14, 0.25),
(159, 33, 2, 50),
(160, 33, 3, 50);

-- --------------------------------------------------------

--
-- Table structure for table `tbl_case_info`
--

CREATE TABLE `tbl_case_info` (
  `id` int(11) NOT NULL,
  `thumbnail` varchar(50) NOT NULL,
  `label` varchar(50) NOT NULL,
  `price` double NOT NULL,
  `category_id` int(11) NOT NULL,
  `currency_id` int(11) NOT NULL,
  `created_by` int(11) NOT NULL,
  `expiry_date` date DEFAULT NULL,
  `status` int(11) NOT NULL,
  `created_at` timestamp NOT NULL DEFAULT CURRENT_TIMESTAMP ON UPDATE CURRENT_TIMESTAMP,
  `updated_at` timestamp NOT NULL DEFAULT CURRENT_TIMESTAMP ON UPDATE CURRENT_TIMESTAMP
) ENGINE=InnoDB DEFAULT CHARSET=utf8mb4;

--
-- Dumping data for table `tbl_case_info`
--

INSERT INTO `tbl_case_info` (`id`, `thumbnail`, `label`, `price`, `category_id`, `currency_id`, `created_by`, `expiry_date`, `status`, `created_at`, `updated_at`) VALUES
(32, '261020214652-3.PNG', 'test case', 2.3, 1, 1, 1, NULL, 1, '2020-10-26 16:46:52', '2020-10-26 16:46:52'),
(33, '261020214722-7.PNG', 'case', 1.5, 1, 1, 1, NULL, 1, '2020-10-26 16:47:22', '2020-10-26 16:47:22'),
(36, '221220155952-CZ75-Auto Emerald fn.png', 'battletest', 1, 1, 1, 1, NULL, 1, '2020-12-22 20:59:52', '2020-12-22 20:59:52'),
(37, '311220163622-Angry Mob fn.png', 'Battletest 2', 1, 3, 1, 1, NULL, 1, '2020-12-31 21:36:22', '2020-12-31 21:36:22'),
(38, '020121000356-Karambit Blue Steel.png', 'knifetest', 1, 1, 1, 1, NULL, 1, '2021-01-02 05:03:56', '2021-01-02 05:03:56'),
(39, '070121233622-★ Survival Knife  Case Hardened.png', 'KnifeTest2', 1, 3, 1, 1, NULL, 1, '2021-01-08 04:36:22', '2021-01-08 04:36:22');

-- --------------------------------------------------------

--
-- Table structure for table `tbl_currency`
--

CREATE TABLE `tbl_currency` (
  `id` int(11) NOT NULL,
  `currency` varchar(10) NOT NULL
) ENGINE=InnoDB DEFAULT CHARSET=utf8mb4;

-- --------------------------------------------------------

--
-- Table structure for table `tbl_giveaway_info`
--

CREATE TABLE `tbl_giveaway_info` (
  `id` int(11) NOT NULL,
  `label` varchar(25) NOT NULL,
  `type_id` int(11) NOT NULL,
  `skin_id` int(11) DEFAULT NULL,
  `price` double DEFAULT NULL,
  `start_from` timestamp NULL DEFAULT NULL,
  `end_to` timestamp NULL DEFAULT NULL,
  `status` int(11) NOT NULL,
  `created_by` int(11) NOT NULL,
  `created_at` timestamp NOT NULL DEFAULT CURRENT_TIMESTAMP ON UPDATE CURRENT_TIMESTAMP,
  `updated_at` timestamp NOT NULL DEFAULT CURRENT_TIMESTAMP ON UPDATE CURRENT_TIMESTAMP
) ENGINE=InnoDB DEFAULT CHARSET=utf8mb4;

--
-- Dumping data for table `tbl_giveaway_info`
--

INSERT INTO `tbl_giveaway_info` (`id`, `label`, `type_id`, `skin_id`, `price`, `start_from`, `end_to`, `status`, `created_by`, `created_at`, `updated_at`) VALUES
(56, 'Giveaway 1', 3, 2, NULL, '2020-10-22 20:00:00', '2020-10-29 04:00:00', 1, 1, '2020-10-23 15:29:37', '2020-10-23 15:29:37');

-- --------------------------------------------------------

--
-- Table structure for table `tbl_giveaway_participate`
--

CREATE TABLE `tbl_giveaway_participate` (
  `id` int(11) NOT NULL,
  `ga_id` int(11) NOT NULL,
  `user_id` int(11) NOT NULL,
  `invoice_id` int(11) DEFAULT NULL,
  `created_at` timestamp NOT NULL DEFAULT CURRENT_TIMESTAMP ON UPDATE CURRENT_TIMESTAMP,
  `updated_at` timestamp NOT NULL DEFAULT CURRENT_TIMESTAMP ON UPDATE CURRENT_TIMESTAMP
) ENGINE=InnoDB DEFAULT CHARSET=utf8mb4;

--
-- Dumping data for table `tbl_giveaway_participate`
--

INSERT INTO `tbl_giveaway_participate` (`id`, `ga_id`, `user_id`, `invoice_id`, `created_at`, `updated_at`) VALUES
(7, 56, 7, 123, '2020-10-23 17:48:31', '2020-10-23 17:48:31');

-- --------------------------------------------------------

--
-- Table structure for table `tbl_giveaway_type`
--

CREATE TABLE `tbl_giveaway_type` (
  `id` int(11) NOT NULL,
  `type` varchar(30) NOT NULL
) ENGINE=InnoDB DEFAULT CHARSET=utf8mb4;

--
-- Dumping data for table `tbl_giveaway_type`
--

INSERT INTO `tbl_giveaway_type` (`id`, `type`) VALUES
(1, '3 Hours'),
(2, '1 Day'),
(3, '1 Week'),
(4, '2 Weeks'),
(5, '1 Month');

-- --------------------------------------------------------

--
-- Table structure for table `tbl_marketplace_info`
--

CREATE TABLE `tbl_marketplace_info` (
  `id` int(11) NOT NULL,
  `skin_id` int(11) NOT NULL,
  `price` double NOT NULL,
  `sugg_price` double NOT NULL,
  `status` int(11) NOT NULL,
  `created_by` int(11) NOT NULL,
  `created_at` timestamp NOT NULL DEFAULT CURRENT_TIMESTAMP ON UPDATE CURRENT_TIMESTAMP,
  `updated_at` timestamp NOT NULL DEFAULT CURRENT_TIMESTAMP ON UPDATE CURRENT_TIMESTAMP
) ENGINE=InnoDB DEFAULT CHARSET=utf8mb4;

--
-- Dumping data for table `tbl_marketplace_info`
--

INSERT INTO `tbl_marketplace_info` (`id`, `skin_id`, `price`, `sugg_price`, `status`, `created_by`, `created_at`, `updated_at`) VALUES
(13, 12, 5, 6.49, 1, 1, '2020-12-21 20:11:03', '2020-12-22 01:11:03'),
(14, 11, 10, 29, 1, 1, '2020-12-21 20:32:12', '2020-12-22 01:32:12'),
(15, 8, 6, 8, 1, 1, '2020-12-21 20:33:28', '2020-12-22 01:33:28'),
(16, 7, 23.28, 26.6, 1, 1, '2021-02-13 23:00:19', '2021-02-14 09:00:19'),
(17, 9, 0.36, 0.37, 1, 1, '2021-02-14 09:03:15', '2021-02-14 09:03:15'),
(18, 10, 4.89, 5.1, 1, 1, '2021-02-14 09:04:31', '2021-02-14 09:04:31'),
(19, 13, 179, 185, 1, 1, '2021-02-14 09:05:24', '2021-02-14 09:05:24');

-- --------------------------------------------------------

--
-- Table structure for table `tbl_marketplace_sale`
--

CREATE TABLE `tbl_marketplace_sale` (
  `id` int(11) NOT NULL,
  `market_id` int(11) NOT NULL,
  `user_id` int(11) NOT NULL,
  `price` double NOT NULL,
  `created_at` timestamp NOT NULL DEFAULT CURRENT_TIMESTAMP ON UPDATE CURRENT_TIMESTAMP,
  `updated_at` timestamp NOT NULL DEFAULT CURRENT_TIMESTAMP ON UPDATE CURRENT_TIMESTAMP
) ENGINE=InnoDB DEFAULT CHARSET=utf8mb4;

--
-- Dumping data for table `tbl_marketplace_sale`
--

INSERT INTO `tbl_marketplace_sale` (`id`, `market_id`, `user_id`, `price`, `created_at`, `updated_at`) VALUES
(9, 14, 8, 5.15, '2020-12-22 01:28:42', '2020-12-22 01:28:42'),
(10, 15, 8, 9.14, '2020-12-22 01:29:39', '2020-12-22 01:29:39'),
(11, 15, 8, 9.14, '2020-12-22 01:30:18', '2020-12-22 01:30:18'),
(12, 14, 8, 5.15, '2020-12-22 01:30:38', '2020-12-22 01:30:38'),
(13, 14, 8, 12, '2020-12-22 01:31:43', '2020-12-22 01:31:43'),
(14, 15, 8, 1, '2020-12-22 01:31:50', '2020-12-22 01:31:50'),
(15, 13, 8, 5, '2020-12-22 01:31:57', '2020-12-22 01:31:57'),
(16, 13, 8, 5, '2020-12-22 01:32:05', '2020-12-22 01:32:05'),
(17, 14, 8, 10, '2020-12-22 01:32:19', '2020-12-22 01:32:19'),
(18, 14, 8, 10, '2020-12-22 01:32:26', '2020-12-22 01:32:26'),
(19, 15, 8, 6, '2020-12-22 01:33:51', '2020-12-22 01:33:51'),
(20, 13, 10, 6.49, '2020-12-22 01:54:14', '2020-12-22 01:54:14'),
(21, 14, 8, 5.15, '2020-12-22 02:02:22', '2020-12-22 02:02:22'),
(22, 14, 8, 5.15, '2020-12-22 02:02:33', '2020-12-22 02:02:33'),
(23, 16, 8, 18.98, '2020-12-22 02:04:21', '2020-12-22 02:04:21'),
(24, 16, 8, 15, '2020-12-22 02:36:03', '2020-12-22 02:36:03'),
(25, 13, 10, 5, '2020-12-22 02:38:12', '2020-12-22 02:38:12'),
(26, 16, 12, 15, '2020-12-22 02:38:24', '2020-12-22 02:38:24'),
(27, 15, 8, 6, '2021-01-16 06:16:59', '2021-01-16 06:16:59'),
(28, 14, 10, 10, '2021-01-17 04:44:05', '2021-01-17 04:44:05');

-- --------------------------------------------------------

--
-- Table structure for table `tbl_payment_history`
--

CREATE TABLE `tbl_payment_history` (
  `id` int(11) NOT NULL,
  `user_id` int(11) NOT NULL,
  `payment_type_id` int(11) NOT NULL,
  `payment_method_id` int(11) NOT NULL,
  `amount` double NOT NULL,
  `currency_id` int(11) NOT NULL,
  `created_at` timestamp NOT NULL DEFAULT CURRENT_TIMESTAMP ON UPDATE CURRENT_TIMESTAMP,
  `updated_at` timestamp NOT NULL DEFAULT CURRENT_TIMESTAMP ON UPDATE CURRENT_TIMESTAMP
) ENGINE=InnoDB DEFAULT CHARSET=utf8mb4;

-- --------------------------------------------------------

--
-- Table structure for table `tbl_payment_type`
--

CREATE TABLE `tbl_payment_type` (
  `id` int(11) NOT NULL,
  `type` varchar(25) NOT NULL
) ENGINE=InnoDB DEFAULT CHARSET=utf8mb4;

-- --------------------------------------------------------

--
-- Table structure for table `tbl_role`
--

CREATE TABLE `tbl_role` (
  `id` int(11) NOT NULL,
  `role` varchar(50) NOT NULL
) ENGINE=InnoDB DEFAULT CHARSET=utf8mb4;

--
-- Dumping data for table `tbl_role`
--

INSERT INTO `tbl_role` (`id`, `role`) VALUES
(1, 'Admin'),
(2, 'Editor');

-- --------------------------------------------------------

--
-- Table structure for table `tbl_skin_info`
--

CREATE TABLE `tbl_skin_info` (
  `id` int(11) NOT NULL,
  `thumbnail` varchar(250) NOT NULL,
  `hash_name` varchar(100) NOT NULL,
  `asset_id` varchar(35) DEFAULT NULL,
  `exterior` varchar(30) NOT NULL,
  `rarity` varchar(25) DEFAULT NULL, 
  `skin_price` double NOT NULL,
  `created_by` int(11) NOT NULL,
  `created_at` timestamp NOT NULL DEFAULT CURRENT_TIMESTAMP ON UPDATE CURRENT_TIMESTAMP,
  `updated_at` timestamp NOT NULL DEFAULT CURRENT_TIMESTAMP ON UPDATE CURRENT_TIMESTAMP
) ENGINE=InnoDB DEFAULT CHARSET=utf8mb4;

--
-- Dumping data for table `tbl_skin_info`
--

INSERT INTO `tbl_skin_info` (`id`, `thumbnail`, `hash_name`, `asset_id`, `exterior`, `rarity`, `skin_price`, `created_by`, `created_at`, `updated_at`) VALUES
(2, '250920235541-330x192.png', 'G3SG1 | Jungle Dashed', '12345678', 'Battle-Scarred', 'Consumer-grade', 0.04, 0.02, 1, '2020-09-25 18:55:41', '2020-09-25 18:55:41'),
(3, '260920000537-330x192.png', 'MP9 | Sand Dashed', '12345678', 'Field-Tested', 'Consumer-grade', 0.04, 0.02, 1, '2020-10-14 22:02:11', '2020-10-14 22:02:11'),
(7, '111220191050-Neon Revolution FT.png', 'AK-47 | Neon Revolution', '', 'Field-Tested', 'Classified', 18.98, 18.75, 1, '2020-12-12 00:10:50', '2020-12-12 00:10:50'),
(8, '111220192359-Stalker ft.png', 'MAC-10 | Stalker', '', 'Field-Tested', 'Covert', 9.14, 9.25, 1, '2020-12-12 00:23:59', '2020-12-12 00:23:59'),
(9, '121220171843-Arctic Wolf FT.png', 'UMP-45 | Arctic Wolf', '', 'Field-Tested', 'Restricted', 0.34, 0.34, 1, '2020-12-12 22:18:43', '2020-12-12 22:18:43'),
(10, '121220172022-Cortex FT.png', 'USP-S | Cortex', '', 'Field-Tested', 'Classified', 4.17, 4.17, 1, '2020-12-12 22:20:22', '2020-12-12 22:20:22'),
(11, '121220172103-p90 Asiimov bs.png', 'P90 | Asiimov', '', 'Battle-Scarred', 'Covert', 5.15, 5.06, 1, '2020-12-12 22:21:03', '2020-12-12 22:21:03'),
(12, '121220172114-p90 Asiimov ww.png', 'P90 | Asiimov', '', 'Well-Worn', 'Covert', 6.49, 6.45, 1, '2020-12-12 22:21:14', '2020-12-12 22:21:14'),
(13, '311220182952-★ Survival Knife  Case Hardened.png', '★ Survival Knife | Case Hardened', '', 'Field-Tested', 'Covert', 193.54, 183.98, 1, '2020-12-31 23:29:52', '2020-12-31 23:29:52'),
(14, '311220183020-Karambit Blue Steel.png', '★ StatTrak™ Karambit | Blue Steel', '', 'Field-Tested', 'Covert', 894.12, 457.5, 1, '2020-12-31 23:30:20', '2020-12-31 23:30:20');

-- --------------------------------------------------------

--
-- Table structure for table `tbl_steam_user`
--

CREATE TABLE `tbl_steam_user` (
  `id` int(11) NOT NULL,
  `profileurl` varchar(100) DEFAULT NULL,
  `trade_link` varchar(150) DEFAULT NULL,
  `nickname` varchar(100) DEFAULT NULL,
  `avatar` varchar(200) DEFAULT NULL,
  `steamid` varchar(50) DEFAULT NULL,
  `name` varchar(100) DEFAULT NULL,
  `email` varchar(50) DEFAULT NULL,
  `password` varchar(60) DEFAULT NULL,
  `remember_token` varchar(150) DEFAULT NULL,
  `created_at` timestamp NOT NULL DEFAULT CURRENT_TIMESTAMP,
  `updated_at` timestamp NOT NULL DEFAULT CURRENT_TIMESTAMP
) ENGINE=InnoDB DEFAULT CHARSET=utf8mb4;

--
-- Dumping data for table `tbl_steam_user`
--

INSERT INTO `tbl_steam_user` (`id`, `profileurl`, `trade_link`, `nickname`, `avatar`, `steamid`, `name`, `email`, `password`, `remember_token`, `created_at`, `updated_at`) VALUES
(7, 'https://steamcommunity.com/profiles/76561199048347242/', 'https://steamcommunity.com/tradeoffer/new/?partner=1088081514&token=57aqkGoX', 'Cosmelun', 'https://steamcdn-a.akamaihd.net/steamcommunity/public/images/avatars/8a/8a477b30fa2bc25a3afdd8c46120e6b137d1d1cb_full.jpg', '76561199048347242', 'Jahangir Ali Siddiqui', NULL, NULL, '4nLzy2WauqcVUZPF7aggdVxfSKuxAUNzbqinTMlvzj1LkSBBu4KmtTqgkih2', '2020-09-17 13:21:44', '2020-11-05 11:31:06'),
(8, 'https://steamcommunity.com/profiles/76561198906092142/', 'https://steamcommunity.com/tradeoffer/new/?partner=945826414&token=rUYB7X5M', '@IndianScammer.BajalSoftware2001', 'https://steamcdn-a.akamaihd.net/steamcommunity/public/images/avatars/91/91d508eafa20e04b9a17ca53f77a6cab9e0e22ad_full.jpg', '76561198906092142', 'Anonymous', NULL, NULL, 'QTHcjU8DPMjrQZDWAy3shzroo852QhhIl2ATayruVE3zYmcLZKRCMeRFNRq5', '2020-11-09 20:00:23', '2020-11-11 00:13:39'),
(9, 'https://steamcommunity.com/id/gerard5/', NULL, 'Zapo', 'https://steamcdn-a.akamaihd.net/steamcommunity/public/images/avatars/d8/d8f1606085584ae7ca69e5916ebe46b2001dc85f_full.jpg', '76561199022970266', 'Val', NULL, NULL, 'rqJm7UsIbYFec3DftOvnABd3CGGfMhIibsF5k7jzf2ZAFPTVGUZfBB0OdtvU', '2020-11-21 01:41:39', '2020-11-21 01:41:39'),
(10, 'https://steamcommunity.com/profiles/76561199107447034/', 'https://steamcommunity.com/tradeoffer/new/?partner=1095372961&token=vRg5dKPL', 'ij.jordan322', 'https://steamcdn-a.akamaihd.net/steamcommunity/public/images/avatars/fe/fef49e7fa7e1997310d705b2a6158ff8dc1cdfeb_full.jpg', '76561199107447034', 'Anonymous', NULL, NULL, 'GSMmGK5iAsGj3mKN2mtP3TDETzyG9UortN5zMxmkiEDVzSkL3Ok8Zy1rDIoL', '2020-11-26 22:03:45', '2020-12-22 01:53:23'),
(11, 'https://steamcommunity.com/profiles/76561199055638689/', NULL, 'WHITE', 'https://steamcdn-a.akamaihd.net/steamcommunity/public/images/avatars/fe/fef49e7fa7e1997310d705b2a6158ff8dc1cdfeb_full.jpg', '76561199055638689', 'Anonymous', NULL, NULL, '613wgspdNXQyQmHwWj4RYnbeFGpUicjLoDl7N8t6RgfcMBvT29FrpBya4MY4', '2020-12-01 23:44:41', '2020-12-01 23:44:41'),
(12, 'https://steamcommunity.com/profiles/76561198906119782/', 'https://steamcommunity.com/tradeoffer/new/?partner=945854054&token=MuMNq7oB', 'XANTARES', 'https://steamcdn-a.akamaihd.net/steamcommunity/public/images/avatars/71/71621f0ff1e5fa40e7ba13547488a03d1f44ffb4_full.jpg', '76561198906119782', 'Anonymous', NULL, NULL, '4M7xqMyfw772YUM23OzR3Lj85g6bWbxoPLrmTdPI3CPPZSK4OnR6anrd8Igq', '2020-12-22 02:10:44', '2020-12-22 02:38:13'),
(13, 'https://steamcommunity.com/profiles/76561198970127403/', NULL, 'Aldanaris', 'https://steamcdn-a.akamaihd.net/steamcommunity/public/images/avatars/0b/0ba784700e37e5f80879b1a3b3b5d208cd3a73f8_full.jpg', '76561198970127403', 'DanTelian', NULL, NULL, 'tx4p8FkEcqBj7DfdX7s7KnRMDy0qWWcRNfIDq0pozvBJcx2wB9qtcQSCLYi4', '2021-03-05 04:09:26', '2021-03-05 04:09:26');

-- --------------------------------------------------------

--
-- Table structure for table `tbl_user_balance_refill_crypto`
--

CREATE TABLE `tbl_user_balance_refill_crypto` (
  `id` int(11) NOT NULL,
  `user_id` int(11) NOT NULL,
  `type` varchar(25) NOT NULL,
  `wallet_address` varchar(250) NOT NULL,
  `amount` double NOT NULL,
  `status` int(11) NOT NULL,
  `created_at` timestamp NOT NULL DEFAULT CURRENT_TIMESTAMP ON UPDATE CURRENT_TIMESTAMP,
  `updated_at` timestamp NOT NULL DEFAULT CURRENT_TIMESTAMP ON UPDATE CURRENT_TIMESTAMP
) ENGINE=InnoDB DEFAULT CHARSET=utf8mb4;

--
-- Dumping data for table `tbl_user_balance_refill_crypto`
--

INSERT INTO `tbl_user_balance_refill_crypto` (`id`, `user_id`, `type`, `wallet_address`, `amount`, `status`, `created_at`, `updated_at`) VALUES
(1, 10, 'BitCoin Cash', 'sadfasdfasdfasdfasdfasdfasdf', 150, 1, '2021-01-27 20:08:17', '2021-01-28 06:08:17'),
(3, 10, 'BitCoin Cash', 'sadfasdfasdfasdfasdfasdfasdf', 150, 1, '2021-01-27 16:53:39', '2021-01-27 16:53:39'),
(5, 10, 'BitCoin Cash', 'fasdfasdfasdf', 100, 1, '2021-02-13 23:05:44', '2021-02-14 09:05:44'),
(6, 8, 'LiteCoin', '2014-adse', 50, 1, '2021-01-27 21:33:34', '2021-01-28 07:33:34');

-- --------------------------------------------------------

--
-- Table structure for table `tbl_user_inventory`
--

CREATE TABLE `tbl_user_inventory` (
  `id` int(11) NOT NULL,
  `user_id` int(11) NOT NULL,
  `skin_id` int(11) NOT NULL,
  `created_at` timestamp NOT NULL DEFAULT CURRENT_TIMESTAMP ON UPDATE CURRENT_TIMESTAMP,
  `updated_at` timestamp NOT NULL DEFAULT CURRENT_TIMESTAMP ON UPDATE CURRENT_TIMESTAMP
) ENGINE=InnoDB DEFAULT CHARSET=utf8mb4;

--
-- Dumping data for table `tbl_user_inventory`
--

INSERT INTO `tbl_user_inventory` (`id`, `user_id`, `skin_id`, `created_at`, `updated_at`) VALUES
(26, 7, 2, '2020-11-02 13:58:52', '2020-11-02 13:58:52'),
(27, 7, 3, '2020-11-02 14:02:05', '2020-11-02 14:02:05'),
(28, 7, 2, '2020-11-02 14:05:50', '2020-11-02 14:05:50'),
(29, 7, 2, '2020-11-02 14:07:11', '2020-11-02 14:07:11'),
(30, 7, 2, '2020-11-02 14:11:18', '2020-11-02 14:11:18'),
(32, 7, 3, '2020-11-02 14:18:45', '2020-11-02 14:18:45'),
(37, 7, 3, '2020-11-06 22:15:16', '2020-11-06 22:15:16'),
(42, 8, 2, '2020-11-11 00:17:40', '2020-11-11 00:17:40'),
(43, 8, 2, '2020-11-11 00:40:02', '2020-11-11 00:40:02'),
(45, 7, 2, '2020-11-11 01:25:58', '2020-11-11 01:25:58'),
(48, 8, 2, '2020-11-21 01:43:32', '2020-11-21 01:43:32'),
(49, 8, 2, '2020-11-23 20:46:14', '2020-11-23 20:46:14'),
(50, 9, 3, '2020-11-23 21:02:36', '2020-11-23 21:02:36'),
(51, 9, 3, '2020-11-23 21:03:46', '2020-11-23 21:03:46'),
(52, 9, 3, '2020-11-23 21:04:18', '2020-11-23 21:04:18'),
(53, 9, 2, '2020-11-23 21:04:18', '2020-11-23 21:04:18'),
(54, 9, 3, '2020-11-23 21:04:19', '2020-11-23 21:04:19'),
(55, 9, 2, '2020-11-23 21:04:19', '2020-11-23 21:04:19'),
(57, 8, 2, '2020-11-23 21:07:26', '2020-11-23 21:07:26'),
(58, 8, 2, '2020-11-23 21:07:26', '2020-11-23 21:07:26'),
(59, 8, 2, '2020-11-23 21:07:27', '2020-11-23 21:07:27'),
(60, 8, 2, '2020-12-01 23:29:10', '2020-12-01 23:29:10'),
(61, 9, 2, '2020-12-06 03:09:45', '2020-12-06 03:09:45'),
(62, 9, 3, '2020-12-06 03:09:45', '2020-12-06 03:09:45'),
(63, 9, 2, '2020-12-06 03:21:06', '2020-12-06 03:21:06'),
(64, 9, 3, '2020-12-06 03:21:06', '2020-12-06 03:21:06'),
(65, 8, 3, '2020-12-08 01:21:35', '2020-12-08 01:21:35'),
(66, 8, 3, '2020-12-08 01:21:59', '2020-12-08 01:21:59'),
(67, 8, 3, '2020-12-08 01:22:00', '2020-12-08 01:22:00'),
(474, 8, 3, '2020-12-12 22:14:42', '2020-12-12 22:14:42'),
(479, 8, 2, '2020-12-12 22:23:34', '2020-12-12 22:23:34'),
(480, 8, 3, '2020-12-12 22:23:51', '2020-12-12 22:23:51'),
(481, 8, 3, '2020-12-12 22:24:09', '2020-12-12 22:24:09'),
(482, 8, 2, '2020-12-12 22:32:57', '2020-12-12 22:32:57'),
(483, 8, 3, '2020-12-12 22:33:41', '2020-12-12 22:33:41'),
(484, 8, 2, '2020-12-12 22:33:41', '2020-12-12 22:33:41'),
(485, 8, 2, '2020-12-12 22:33:41', '2020-12-12 22:33:41'),
(487, 8, 2, '2020-12-12 22:34:05', '2020-12-12 22:34:05'),
(488, 8, 3, '2020-12-12 22:34:06', '2020-12-12 22:34:06'),
(489, 8, 3, '2020-12-12 22:34:06', '2020-12-12 22:34:06'),
(490, 8, 3, '2020-12-12 22:34:06', '2020-12-12 22:34:06'),
(492, 8, 2, '2020-12-12 22:34:53', '2020-12-12 22:34:53'),
(494, 8, 2, '2020-12-12 22:35:11', '2020-12-12 22:35:11'),
(496, 8, 2, '2020-12-13 03:22:09', '2020-12-13 03:22:09'),
(497, 8, 2, '2020-12-13 03:22:24', '2020-12-13 03:22:24'),
(498, 8, 2, '2020-12-13 03:22:42', '2020-12-13 03:22:42'),
(500, 8, 3, '2020-12-13 03:23:42', '2020-12-13 03:23:42'),
(501, 8, 3, '2020-12-13 03:23:42', '2020-12-13 03:23:42'),
(502, 8, 2, '2020-12-13 03:23:42', '2020-12-13 03:23:42'),
(503, 8, 2, '2020-12-15 00:20:23', '2020-12-15 00:20:23'),
(504, 8, 2, '2020-12-15 00:20:39', '2020-12-15 00:20:39'),
(505, 8, 2, '2020-12-15 00:20:53', '2020-12-15 00:20:53'),
(506, 8, 2, '2020-12-15 00:21:32', '2020-12-15 00:21:32'),
(507, 8, 3, '2020-12-15 00:21:51', '2020-12-15 00:21:51'),
(508, 8, 2, '2020-12-15 00:22:06', '2020-12-15 00:22:06'),
(511, 8, 2, '2020-12-15 00:23:15', '2020-12-15 00:23:15'),
(512, 8, 3, '2020-12-15 00:23:29', '2020-12-15 00:23:29'),
(513, 8, 2, '2020-12-15 00:23:42', '2020-12-15 00:23:42'),
(514, 8, 2, '2020-12-15 00:23:57', '2020-12-15 00:23:57'),
(515, 8, 3, '2020-12-15 00:24:10', '2020-12-15 00:24:10'),
(516, 8, 3, '2020-12-15 00:24:26', '2020-12-15 00:24:26'),
(517, 8, 3, '2020-12-15 00:24:40', '2020-12-15 00:24:40'),
(519, 8, 2, '2020-12-15 00:25:06', '2020-12-15 00:25:06'),
(520, 8, 3, '2020-12-15 00:25:18', '2020-12-15 00:25:18'),
(522, 8, 2, '2020-12-15 00:25:44', '2020-12-15 00:25:44'),
(527, 8, 2, '2020-12-15 00:28:11', '2020-12-15 00:28:11'),
(528, 8, 9, '2020-12-15 00:28:25', '2020-12-15 00:28:25'),
(529, 8, 3, '2020-12-15 00:28:39', '2020-12-15 00:28:39'),
(530, 8, 2, '2020-12-15 00:28:50', '2020-12-15 00:28:50'),
(531, 8, 9, '2020-12-15 00:29:00', '2020-12-15 00:29:00'),
(534, 8, 9, '2020-12-15 00:49:51', '2020-12-15 00:49:51'),
(537, 8, 2, '2020-12-21 03:27:45', '2020-12-21 03:27:45'),
(541, 8, 3, '2020-12-21 03:31:13', '2020-12-21 03:31:13'),
(543, 8, 3, '2020-12-21 03:31:14', '2020-12-21 03:31:14'),
(547, 8, 3, '2020-12-21 03:40:53', '2020-12-21 03:40:53'),
(548, 8, 3, '2020-12-21 03:41:10', '2020-12-21 03:41:10'),
(553, 8, 9, '2020-12-22 00:04:52', '2020-12-22 00:04:52'),
(555, 8, 7, '2020-12-22 00:23:38', '2020-12-22 00:23:38'),
(556, 8, 11, '2020-12-22 01:28:42', '2020-12-22 01:28:42'),
(557, 8, 8, '2020-12-22 01:29:39', '2020-12-22 01:29:39'),
(558, 8, 8, '2020-12-22 01:30:17', '2020-12-22 01:30:17'),
(559, 8, 11, '2020-12-22 01:30:38', '2020-12-22 01:30:38'),
(560, 8, 11, '2020-12-22 01:31:43', '2020-12-22 01:31:43'),
(561, 8, 8, '2020-12-22 01:31:50', '2020-12-22 01:31:50'),
(562, 8, 12, '2020-12-22 01:31:57', '2020-12-22 01:31:57'),
(564, 8, 11, '2020-12-22 01:32:19', '2020-12-22 01:32:19'),
(565, 8, 11, '2020-12-22 01:32:26', '2020-12-22 01:32:26'),
(567, 8, 2, '2020-12-22 02:34:34', '2020-12-22 02:34:34'),
(568, 8, 3, '2020-12-22 02:34:34', '2020-12-22 02:34:34'),
(569, 12, 2, '2020-12-22 02:42:56', '2020-12-22 02:42:56'),
(570, 12, 3, '2020-12-22 02:42:56', '2020-12-22 02:42:56'),
(571, 11, 2, '2020-12-22 20:29:15', '2020-12-22 20:29:15'),
(572, 11, 3, '2020-12-22 20:29:15', '2020-12-22 20:29:15'),
(573, 11, 2, '2020-12-22 20:29:17', '2020-12-22 20:29:17'),
(574, 11, 3, '2020-12-22 20:29:17', '2020-12-22 20:29:17'),
(575, 11, 2, '2020-12-22 21:10:55', '2020-12-22 21:10:55'),
(576, 11, 3, '2020-12-22 21:10:55', '2020-12-22 21:10:55'),
(577, 11, 2, '2020-12-22 21:18:24', '2020-12-22 21:18:24'),
(578, 11, 3, '2020-12-22 21:18:24', '2020-12-22 21:18:24'),
(579, 11, 2, '2020-12-22 21:20:21', '2020-12-22 21:20:21'),
(580, 11, 3, '2020-12-22 21:20:21', '2020-12-22 21:20:21'),
(581, 8, 8, '2020-12-22 21:25:15', '2020-12-22 21:25:15'),
(582, 8, 11, '2020-12-22 21:25:15', '2020-12-22 21:25:15'),
(583, 9, 8, '2020-12-22 21:26:26', '2020-12-22 21:26:26'),
(584, 9, 8, '2020-12-22 21:26:26', '2020-12-22 21:26:26'),
(585, 8, 7, '2020-12-22 21:29:33', '2020-12-22 21:29:33'),
(586, 8, 8, '2020-12-22 21:29:33', '2020-12-22 21:29:33'),
(587, 8, 8, '2020-12-22 21:36:36', '2020-12-22 21:36:36'),
(588, 8, 2, '2020-12-22 21:36:53', '2020-12-22 21:36:53'),
(589, 8, 7, '2020-12-22 21:37:08', '2020-12-22 21:37:08'),
(590, 9, 2, '2020-12-22 21:38:14', '2020-12-22 21:38:14'),
(591, 9, 11, '2020-12-22 21:38:14', '2020-12-22 21:38:14'),
(592, 8, 7, '2020-12-22 21:42:09', '2020-12-22 21:42:09'),
(595, 12, 10, '2020-12-22 21:43:33', '2020-12-22 21:43:33'),
(596, 12, 9, '2020-12-22 21:44:44', '2020-12-22 21:44:44'),
(597, 12, 10, '2020-12-22 21:44:44', '2020-12-22 21:44:44'),
(598, 8, 11, '2020-12-26 02:46:42', '2020-12-26 02:46:42'),
(599, 8, 9, '2020-12-26 02:46:42', '2020-12-26 02:46:42'),
(601, 8, 8, '2020-12-26 02:48:40', '2020-12-26 02:48:40'),
(602, 8, 8, '2020-12-26 02:50:26', '2020-12-26 02:50:26'),
(603, 11, 2, '2020-12-26 19:29:44', '2020-12-26 19:29:44'),
(604, 11, 3, '2020-12-26 19:29:44', '2020-12-26 19:29:44'),
(605, 11, 2, '2020-12-26 19:29:44', '2020-12-26 19:29:44'),
(606, 11, 3, '2020-12-26 19:29:44', '2020-12-26 19:29:44'),
(607, 9, 9, '2020-12-26 21:38:32', '2020-12-26 21:38:32'),
(608, 9, 10, '2020-12-26 21:38:32', '2020-12-26 21:38:32'),
(609, 9, 9, '2020-12-26 21:39:35', '2020-12-26 21:39:35'),
(610, 9, 8, '2020-12-26 21:39:35', '2020-12-26 21:39:35'),
(611, 9, 9, '2020-12-26 21:40:41', '2020-12-26 21:40:41'),
(612, 9, 10, '2020-12-26 21:40:41', '2020-12-26 21:40:41'),
(613, 9, 2, '2020-12-26 21:40:41', '2020-12-26 21:40:41'),
(614, 9, 8, '2020-12-26 21:40:41', '2020-12-26 21:40:41'),
(615, 9, 2, '2020-12-26 21:41:53', '2020-12-26 21:41:53'),
(616, 9, 3, '2020-12-26 21:41:53', '2020-12-26 21:41:53'),
(617, 9, 2, '2020-12-26 21:41:53', '2020-12-26 21:41:53'),
(618, 9, 3, '2020-12-26 21:41:53', '2020-12-26 21:41:53'),
(619, 9, 2, '2020-12-26 21:42:57', '2020-12-26 21:42:57'),
(620, 9, 10, '2020-12-26 21:42:57', '2020-12-26 21:42:57'),
(621, 9, 2, '2020-12-26 21:42:57', '2020-12-26 21:42:57'),
(622, 9, 8, '2020-12-26 21:42:57', '2020-12-26 21:42:57'),
(623, 9, 2, '2020-12-26 21:43:33', '2020-12-26 21:43:33'),
(624, 9, 8, '2020-12-26 21:43:33', '2020-12-26 21:43:33'),
(625, 9, 2, '2020-12-26 21:43:33', '2020-12-26 21:43:33'),
(626, 9, 10, '2020-12-26 21:43:33', '2020-12-26 21:43:33'),
(627, 9, 11, '2020-12-26 21:44:41', '2020-12-26 21:44:41'),
(628, 9, 9, '2020-12-26 21:44:41', '2020-12-26 21:44:41'),
(629, 9, 2, '2020-12-26 21:44:41', '2020-12-26 21:44:41'),
(630, 9, 10, '2020-12-26 21:44:41', '2020-12-26 21:44:41'),
(631, 9, 9, '2020-12-26 21:44:41', '2020-12-26 21:44:41'),
(632, 9, 2, '2020-12-26 21:44:41', '2020-12-26 21:44:41'),
(633, 9, 2, '2020-12-26 21:44:41', '2020-12-26 21:44:41'),
(634, 9, 10, '2020-12-26 21:44:41', '2020-12-26 21:44:41'),
(635, 9, 11, '2020-12-26 21:44:41', '2020-12-26 21:44:41'),
(636, 9, 10, '2020-12-26 21:44:41', '2020-12-26 21:44:41'),
(637, 9, 9, '2020-12-26 21:44:41', '2020-12-26 21:44:41'),
(638, 9, 9, '2020-12-26 21:44:41', '2020-12-26 21:44:41'),
(639, 9, 11, '2020-12-26 21:44:41', '2020-12-26 21:44:41'),
(641, 9, 10, '2020-12-26 21:44:41', '2020-12-26 21:44:41'),
(642, 9, 8, '2020-12-26 21:44:41', '2020-12-26 21:44:41'),
(643, 9, 11, '2020-12-26 21:44:41', '2020-12-26 21:44:41'),
(644, 9, 8, '2020-12-26 21:44:41', '2020-12-26 21:44:41'),
(645, 9, 7, '2020-12-26 21:44:41', '2020-12-26 21:44:41'),
(646, 9, 9, '2020-12-26 21:44:41', '2020-12-26 21:44:41'),
(647, 9, 10, '2020-12-26 21:44:41', '2020-12-26 21:44:41'),
(648, 9, 7, '2020-12-26 21:44:41', '2020-12-26 21:44:41'),
(649, 9, 7, '2020-12-26 21:44:41', '2020-12-26 21:44:41'),
(650, 9, 9, '2020-12-26 21:44:41', '2020-12-26 21:44:41'),
(651, 9, 10, '2020-12-26 21:44:41', '2020-12-26 21:44:41'),
(652, 9, 10, '2020-12-26 21:44:41', '2020-12-26 21:44:41'),
(653, 9, 7, '2020-12-26 21:44:41', '2020-12-26 21:44:41'),
(654, 9, 9, '2020-12-26 21:44:41', '2020-12-26 21:44:41'),
(655, 9, 9, '2020-12-26 21:44:41', '2020-12-26 21:44:41'),
(656, 9, 7, '2020-12-26 21:44:41', '2020-12-26 21:44:41'),
(657, 9, 2, '2020-12-26 21:44:41', '2020-12-26 21:44:41'),
(658, 9, 7, '2020-12-26 21:44:41', '2020-12-26 21:44:41'),
(659, 9, 10, '2020-12-26 21:44:41', '2020-12-26 21:44:41'),
(660, 9, 2, '2020-12-26 21:44:41', '2020-12-26 21:44:41'),
(661, 9, 2, '2020-12-26 21:44:41', '2020-12-26 21:44:41'),
(662, 9, 11, '2020-12-26 21:44:41', '2020-12-26 21:44:41'),
(663, 9, 10, '2020-12-26 21:44:41', '2020-12-26 21:44:41'),
(664, 9, 11, '2020-12-26 21:44:41', '2020-12-26 21:44:41'),
(665, 9, 7, '2020-12-26 21:44:41', '2020-12-26 21:44:41'),
(666, 9, 10, '2020-12-26 21:44:41', '2020-12-26 21:44:41'),
(667, 9, 8, '2020-12-26 21:44:41', '2020-12-26 21:44:41'),
(668, 9, 7, '2020-12-26 21:44:41', '2020-12-26 21:44:41'),
(669, 9, 9, '2020-12-26 21:44:41', '2020-12-26 21:44:41'),
(670, 9, 7, '2020-12-26 21:44:41', '2020-12-26 21:44:41'),
(671, 9, 9, '2020-12-26 21:44:41', '2020-12-26 21:44:41'),
(672, 9, 10, '2020-12-26 21:44:41', '2020-12-26 21:44:41'),
(673, 9, 2, '2020-12-26 21:44:41', '2020-12-26 21:44:41'),
(674, 9, 2, '2020-12-26 21:44:41', '2020-12-26 21:44:41'),
(675, 9, 10, '2020-12-26 21:44:41', '2020-12-26 21:44:41'),
(676, 9, 2, '2020-12-26 21:44:41', '2020-12-26 21:44:41'),
(677, 9, 10, '2020-12-26 21:44:41', '2020-12-26 21:44:41'),
(678, 9, 10, '2020-12-26 21:44:41', '2020-12-26 21:44:41'),
(679, 9, 11, '2020-12-26 21:44:41', '2020-12-26 21:44:41'),
(680, 9, 2, '2020-12-26 21:44:41', '2020-12-26 21:44:41'),
(681, 9, 11, '2020-12-26 21:44:41', '2020-12-26 21:44:41'),
(682, 9, 11, '2020-12-26 21:44:41', '2020-12-26 21:44:41'),
(683, 9, 11, '2020-12-26 21:44:41', '2020-12-26 21:44:41'),
(684, 9, 8, '2020-12-26 21:44:41', '2020-12-26 21:44:41'),
(685, 9, 8, '2020-12-26 21:44:41', '2020-12-26 21:44:41'),
(686, 9, 9, '2020-12-26 21:44:41', '2020-12-26 21:44:41'),
(687, 8, 10, '2020-12-26 21:49:46', '2020-12-26 21:49:46'),
(688, 9, 9, '2020-12-26 21:49:56', '2020-12-26 21:49:56'),
(689, 8, 12, '2020-12-26 21:50:05', '2020-12-26 21:50:05'),
(690, 8, 2, '2020-12-26 21:51:35', '2020-12-26 21:51:35'),
(691, 8, 11, '2020-12-26 21:51:35', '2020-12-26 21:51:35'),
(692, 8, 7, '2020-12-26 21:51:35', '2020-12-26 21:51:35'),
(693, 8, 11, '2020-12-26 21:51:35', '2020-12-26 21:51:35'),
(694, 8, 7, '2020-12-26 21:51:35', '2020-12-26 21:51:35'),
(695, 8, 2, '2020-12-26 21:51:35', '2020-12-26 21:51:35'),
(696, 9, 2, '2020-12-26 21:54:40', '2020-12-26 21:54:40'),
(697, 9, 8, '2020-12-26 21:54:40', '2020-12-26 21:54:40'),
(698, 8, 11, '2020-12-26 21:55:30', '2020-12-26 21:55:30'),
(699, 9, 3, '2020-12-26 21:55:39', '2020-12-26 21:55:39'),
(700, 9, 2, '2020-12-26 21:55:40', '2020-12-26 21:55:40'),
(701, 9, 3, '2020-12-26 21:55:40', '2020-12-26 21:55:40'),
(702, 8, 10, '2020-12-26 21:55:45', '2020-12-26 21:55:45'),
(703, 8, 7, '2020-12-26 21:55:59', '2020-12-26 21:55:59'),
(704, 8, 8, '2020-12-26 21:56:15', '2020-12-26 21:56:15'),
(705, 8, 8, '2020-12-26 21:56:32', '2020-12-26 21:56:32'),
(706, 9, 11, '2020-12-26 21:56:40', '2020-12-26 21:56:40'),
(707, 9, 8, '2020-12-26 21:58:33', '2020-12-26 21:58:33'),
(708, 9, 10, '2020-12-26 21:58:56', '2020-12-26 21:58:56'),
(709, 9, 7, '2020-12-26 21:59:15', '2020-12-26 21:59:15'),
(710, 9, 10, '2020-12-26 21:59:15', '2020-12-26 21:59:15'),
(711, 9, 7, '2020-12-26 21:59:43', '2020-12-26 21:59:43'),
(712, 9, 11, '2020-12-26 21:59:43', '2020-12-26 21:59:43'),
(713, 9, 2, '2020-12-26 21:59:43', '2020-12-26 21:59:43'),
(717, 12, 2, '2020-12-31 21:31:58', '2020-12-31 21:31:58'),
(718, 8, 9, '2020-12-31 21:33:04', '2020-12-31 21:33:04'),
(719, 8, 8, '2020-12-31 21:33:04', '2020-12-31 21:33:04'),
(721, 12, 8, '2020-12-31 21:34:08', '2020-12-31 21:34:08'),
(723, 12, 2, '2020-12-31 21:34:08', '2020-12-31 21:34:08'),
(725, 12, 12, '2020-12-31 21:37:32', '2020-12-31 21:37:32'),
(726, 8, 11, '2020-12-31 21:38:36', '2020-12-31 21:38:36'),
(727, 8, 12, '2020-12-31 21:38:36', '2020-12-31 21:38:36'),
(728, 8, 2, '2020-12-31 21:38:36', '2020-12-31 21:38:36'),
(729, 8, 12, '2020-12-31 21:38:36', '2020-12-31 21:38:36'),
(730, 8, 12, '2020-12-31 21:41:06', '2020-12-31 21:41:06'),
(731, 8, 10, '2020-12-31 21:41:06', '2020-12-31 21:41:06'),
(732, 8, 12, '2020-12-31 21:41:06', '2020-12-31 21:41:06'),
(733, 8, 11, '2020-12-31 21:41:06', '2020-12-31 21:41:06'),
(734, 8, 2, '2020-12-31 21:41:06', '2020-12-31 21:41:06'),
(735, 8, 12, '2020-12-31 21:41:06', '2020-12-31 21:41:06'),
(736, 8, 2, '2020-12-31 21:41:06', '2020-12-31 21:41:06'),
(737, 8, 10, '2020-12-31 21:41:06', '2020-12-31 21:41:06'),
(738, 8, 7, '2020-12-31 21:41:06', '2020-12-31 21:41:06'),
(739, 8, 2, '2020-12-31 21:41:06', '2020-12-31 21:41:06'),
(740, 8, 2, '2020-12-31 21:41:06', '2020-12-31 21:41:06'),
(741, 8, 3, '2020-12-31 21:41:06', '2020-12-31 21:41:06'),
(742, 8, 2, '2020-12-31 21:41:06', '2020-12-31 21:41:06'),
(743, 8, 7, '2020-12-31 21:41:06', '2020-12-31 21:41:06'),
(744, 8, 10, '2020-12-31 21:41:06', '2020-12-31 21:41:06'),
(745, 8, 11, '2020-12-31 21:41:06', '2020-12-31 21:41:06'),
(746, 12, 10, '2020-12-31 22:21:54', '2020-12-31 22:21:54'),
(747, 12, 12, '2020-12-31 22:22:36', '2020-12-31 22:22:36'),
(748, 12, 10, '2020-12-31 22:22:49', '2020-12-31 22:22:49'),
(749, 12, 7, '2020-12-31 22:23:09', '2020-12-31 22:23:09'),
(750, 12, 11, '2020-12-31 22:23:25', '2020-12-31 22:23:25'),
(751, 12, 10, '2020-12-31 22:23:38', '2020-12-31 22:23:38'),
(752, 12, 12, '2020-12-31 22:23:52', '2020-12-31 22:23:52'),
(753, 12, 7, '2020-12-31 22:24:02', '2020-12-31 22:24:02'),
(754, 12, 2, '2020-12-31 22:24:18', '2020-12-31 22:24:18'),
(755, 8, 7, '2020-12-31 23:02:03', '2020-12-31 23:02:03'),
(756, 8, 11, '2020-12-31 23:02:03', '2020-12-31 23:02:03'),
(757, 12, 2, '2020-12-31 23:03:27', '2020-12-31 23:03:27'),
(758, 12, 11, '2020-12-31 23:03:27', '2020-12-31 23:03:27'),
(759, 12, 2, '2020-12-31 23:03:27', '2020-12-31 23:03:27'),
(760, 12, 11, '2020-12-31 23:03:27', '2020-12-31 23:03:27'),
(761, 12, 7, '2020-12-31 23:03:27', '2020-12-31 23:03:27'),
(762, 12, 12, '2020-12-31 23:03:27', '2020-12-31 23:03:27'),
(763, 12, 2, '2020-12-31 23:03:27', '2020-12-31 23:03:27'),
(764, 12, 8, '2020-12-31 23:03:27', '2020-12-31 23:03:27'),
(765, 8, 7, '2020-12-31 23:06:21', '2020-12-31 23:06:21'),
(766, 8, 11, '2020-12-31 23:06:21', '2020-12-31 23:06:21'),
(767, 8, 12, '2020-12-31 23:06:21', '2020-12-31 23:06:21'),
(768, 8, 10, '2020-12-31 23:06:21', '2020-12-31 23:06:21'),
(769, 8, 7, '2020-12-31 23:06:21', '2020-12-31 23:06:21'),
(770, 8, 11, '2020-12-31 23:06:21', '2020-12-31 23:06:21'),
(771, 8, 11, '2020-12-31 23:06:21', '2020-12-31 23:06:21'),
(772, 8, 12, '2020-12-31 23:06:21', '2020-12-31 23:06:21'),
(773, 12, 2, '2020-12-31 23:08:02', '2020-12-31 23:08:02'),
(774, 12, 12, '2020-12-31 23:08:02', '2020-12-31 23:08:02'),
(775, 12, 11, '2020-12-31 23:08:02', '2020-12-31 23:08:02'),
(776, 12, 12, '2020-12-31 23:08:02', '2020-12-31 23:08:02'),
(777, 8, 10, '2020-12-31 23:32:21', '2020-12-31 23:32:21'),
(780, 12, 2, '2020-12-31 23:40:32', '2020-12-31 23:40:32'),
(782, 8, 7, '2021-01-02 05:05:12', '2021-01-02 05:05:12'),
(783, 8, 10, '2021-01-02 05:05:22', '2021-01-02 05:05:22'),
(784, 8, 14, '2021-01-02 05:05:39', '2021-01-02 05:05:39'),
(785, 8, 12, '2021-01-02 05:05:54', '2021-01-02 05:05:54'),
(786, 8, 7, '2021-01-02 05:06:04', '2021-01-02 05:06:04'),
(787, 8, 8, '2021-01-02 05:06:14', '2021-01-02 05:06:14'),
(788, 8, 10, '2021-01-02 05:06:24', '2021-01-02 05:06:24'),
(789, 8, 14, '2021-01-02 05:06:35', '2021-01-02 05:06:35'),
(790, 8, 10, '2021-01-06 04:24:49', '2021-01-06 04:24:49'),
(791, 8, 13, '2021-01-06 04:24:49', '2021-01-06 04:24:49'),
(792, 8, 13, '2021-01-06 04:24:49', '2021-01-06 04:24:49'),
(793, 8, 2, '2021-01-06 04:24:49', '2021-01-06 04:24:49'),
(794, 8, 14, '2021-01-06 04:24:49', '2021-01-06 04:24:49'),
(795, 8, 13, '2021-01-06 04:24:49', '2021-01-06 04:24:49'),
(796, 8, 10, '2021-01-06 04:24:49', '2021-01-06 04:24:49'),
(797, 8, 13, '2021-01-06 04:24:49', '2021-01-06 04:24:49'),
(798, 8, 2, '2021-01-06 04:24:49', '2021-01-06 04:24:49'),
(799, 8, 12, '2021-01-06 04:24:49', '2021-01-06 04:24:49'),
(800, 8, 12, '2021-01-06 04:27:26', '2021-01-06 04:27:26'),
(801, 8, 14, '2021-01-06 04:27:26', '2021-01-06 04:27:26'),
(802, 8, 11, '2021-01-06 04:29:53', '2021-01-06 04:29:53'),
(803, 8, 12, '2021-01-06 04:29:53', '2021-01-06 04:29:53'),
(804, 8, 11, '2021-01-06 04:29:53', '2021-01-06 04:29:53'),
(805, 8, 12, '2021-01-06 04:29:53', '2021-01-06 04:29:53'),
(806, 8, 11, '2021-01-06 04:29:53', '2021-01-06 04:29:53'),
(807, 8, 10, '2021-01-06 04:29:53', '2021-01-06 04:29:53'),
(808, 8, 2, '2021-01-06 04:29:53', '2021-01-06 04:29:53'),
(809, 8, 11, '2021-01-06 04:29:53', '2021-01-06 04:29:53'),
(810, 8, 2, '2021-01-06 04:29:53', '2021-01-06 04:29:53'),
(811, 8, 10, '2021-01-06 04:29:53', '2021-01-06 04:29:53'),
(812, 8, 11, '2021-01-06 04:29:53', '2021-01-06 04:29:53'),
(813, 8, 12, '2021-01-06 04:29:53', '2021-01-06 04:29:53'),
(814, 8, 7, '2021-01-06 04:29:53', '2021-01-06 04:29:53'),
(815, 8, 12, '2021-01-06 04:29:53', '2021-01-06 04:29:53'),
(816, 8, 11, '2021-01-06 04:29:53', '2021-01-06 04:29:53'),
(817, 8, 11, '2021-01-06 04:29:53', '2021-01-06 04:29:53'),
(818, 8, 7, '2021-01-06 04:29:53', '2021-01-06 04:29:53'),
(819, 8, 7, '2021-01-06 04:29:53', '2021-01-06 04:29:53'),
(820, 8, 7, '2021-01-06 04:29:53', '2021-01-06 04:29:53'),
(821, 8, 12, '2021-01-06 04:29:53', '2021-01-06 04:29:53'),
(822, 12, 7, '2021-01-06 04:32:36', '2021-01-06 04:32:36'),
(823, 12, 10, '2021-01-06 04:32:36', '2021-01-06 04:32:36'),
(824, 12, 10, '2021-01-06 04:32:36', '2021-01-06 04:32:36'),
(825, 12, 10, '2021-01-06 04:32:36', '2021-01-06 04:32:36'),
(826, 8, 7, '2021-01-06 04:34:00', '2021-01-06 04:34:00'),
(827, 8, 2, '2021-01-06 04:34:00', '2021-01-06 04:34:00'),
(828, 8, 2, '2021-01-06 04:34:00', '2021-01-06 04:34:00'),
(829, 8, 2, '2021-01-06 04:34:00', '2021-01-06 04:34:00'),
(830, 8, 12, '2021-01-06 04:34:00', '2021-01-06 04:34:00'),
(831, 8, 2, '2021-01-06 04:34:00', '2021-01-06 04:34:00'),
(832, 8, 7, '2021-01-06 05:14:48', '2021-01-06 05:14:48'),
(833, 8, 11, '2021-01-06 05:14:48', '2021-01-06 05:14:48'),
(834, 8, 11, '2021-01-06 05:14:48', '2021-01-06 05:14:48'),
(835, 8, 10, '2021-01-06 05:14:48', '2021-01-06 05:14:48'),
(836, 8, 7, '2021-01-06 05:14:48', '2021-01-06 05:14:48'),
(837, 8, 7, '2021-01-06 05:14:48', '2021-01-06 05:14:48'),
(838, 8, 10, '2021-01-06 05:14:48', '2021-01-06 05:14:48'),
(839, 8, 7, '2021-01-06 05:14:48', '2021-01-06 05:14:48'),
(840, 8, 7, '2021-01-06 05:14:48', '2021-01-06 05:14:48'),
(841, 8, 2, '2021-01-06 05:14:48', '2021-01-06 05:14:48'),
(842, 9, 2, '2021-01-06 05:23:10', '2021-01-06 05:23:10'),
(843, 9, 11, '2021-01-06 05:23:10', '2021-01-06 05:23:10'),
(844, 9, 2, '2021-01-06 05:23:10', '2021-01-06 05:23:10'),
(845, 9, 12, '2021-01-06 05:23:10', '2021-01-06 05:23:10'),
(846, 9, 7, '2021-01-06 05:23:10', '2021-01-06 05:23:10'),
(847, 9, 2, '2021-01-06 05:23:10', '2021-01-06 05:23:10'),
(848, 9, 12, '2021-01-06 05:27:14', '2021-01-06 05:27:14'),
(849, 9, 8, '2021-01-06 05:28:12', '2021-01-06 05:28:12'),
(850, 9, 10, '2021-01-06 05:28:34', '2021-01-06 05:28:34'),
(851, 9, 8, '2021-01-06 05:28:56', '2021-01-06 05:28:56'),
(852, 9, 10, '2021-01-06 05:28:57', '2021-01-06 05:28:57'),
(853, 9, 7, '2021-01-06 05:28:57', '2021-01-06 05:28:57'),
(854, 9, 8, '2021-01-06 05:28:57', '2021-01-06 05:28:57'),
(855, 9, 7, '2021-01-06 05:29:20', '2021-01-06 05:29:20'),
(856, 9, 10, '2021-01-06 05:29:39', '2021-01-06 05:29:39'),
(857, 9, 14, '2021-01-06 05:29:58', '2021-01-06 05:29:58'),
(858, 9, 12, '2021-01-06 05:30:25', '2021-01-06 05:30:25'),
(859, 9, 12, '2021-01-06 05:30:45', '2021-01-06 05:30:45'),
(860, 9, 7, '2021-01-06 05:31:18', '2021-01-06 05:31:18'),
(861, 9, 7, '2021-01-06 05:35:42', '2021-01-06 05:35:42'),
(862, 12, 11, '2021-01-06 06:33:15', '2021-01-06 06:33:15'),
(863, 12, 12, '2021-01-06 06:33:15', '2021-01-06 06:33:15'),
(864, 12, 2, '2021-01-06 06:33:15', '2021-01-06 06:33:15'),
(865, 12, 10, '2021-01-06 06:33:15', '2021-01-06 06:33:15'),
(866, 12, 2, '2021-01-06 06:34:53', '2021-01-06 06:34:53'),
(867, 12, 12, '2021-01-06 06:34:53', '2021-01-06 06:34:53'),
(868, 12, 2, '2021-01-06 06:34:53', '2021-01-06 06:34:53'),
(869, 12, 9, '2021-01-06 06:34:53', '2021-01-06 06:34:53'),
(876, 10, 14, '2021-01-07 02:15:33', '2021-01-07 02:15:33'),
(878, 10, 14, '2021-01-07 02:20:48', '2021-01-07 02:20:48'),
(880, 10, 14, '2021-01-07 02:20:48', '2021-01-07 02:20:48'),
(881, 10, 2, '2021-01-07 02:20:48', '2021-01-07 02:20:48'),
(882, 11, 8, '2021-01-07 02:23:27', '2021-01-07 02:23:27'),
(883, 11, 12, '2021-01-07 02:23:27', '2021-01-07 02:23:27'),
(884, 11, 8, '2021-01-07 02:23:27', '2021-01-07 02:23:27'),
(885, 11, 7, '2021-01-07 02:23:27', '2021-01-07 02:23:27'),
(890, 8, 7, '2021-01-07 06:05:39', '2021-01-07 06:05:39'),
(891, 8, 12, '2021-01-07 06:05:40', '2021-01-07 06:05:40'),
(892, 8, 2, '2021-01-07 06:06:52', '2021-01-07 06:06:52'),
(893, 8, 12, '2021-01-07 06:06:52', '2021-01-07 06:06:52'),
(894, 8, 2, '2021-01-07 06:06:52', '2021-01-07 06:06:52'),
(895, 8, 2, '2021-01-07 06:06:52', '2021-01-07 06:06:52'),
(896, 8, 12, '2021-01-07 06:06:52', '2021-01-07 06:06:52'),
(897, 8, 2, '2021-01-07 06:06:52', '2021-01-07 06:06:52'),
(898, 8, 10, '2021-01-07 06:06:52', '2021-01-07 06:06:52'),
(899, 8, 2, '2021-01-07 06:06:52', '2021-01-07 06:06:52'),
(900, 8, 2, '2021-01-07 06:06:52', '2021-01-07 06:06:52'),
(901, 8, 12, '2021-01-07 06:06:52', '2021-01-07 06:06:52'),
(902, 8, 11, '2021-01-07 06:06:52', '2021-01-07 06:06:52'),
(903, 8, 11, '2021-01-07 06:06:52', '2021-01-07 06:06:52'),
(904, 8, 2, '2021-01-07 06:06:52', '2021-01-07 06:06:52'),
(905, 8, 11, '2021-01-07 06:06:52', '2021-01-07 06:06:52'),
(906, 12, 11, '2021-01-07 06:11:40', '2021-01-07 06:11:40'),
(907, 12, 12, '2021-01-07 06:11:40', '2021-01-07 06:11:40'),
(908, 12, 11, '2021-01-07 06:11:40', '2021-01-07 06:11:40'),
(909, 12, 12, '2021-01-07 06:11:40', '2021-01-07 06:11:40'),
(910, 12, 7, '2021-01-07 06:11:40', '2021-01-07 06:11:40'),
(911, 12, 11, '2021-01-07 06:11:40', '2021-01-07 06:11:40'),
(912, 12, 7, '2021-01-07 06:11:40', '2021-01-07 06:11:40'),
(913, 12, 12, '2021-01-07 06:11:40', '2021-01-07 06:11:40'),
(914, 12, 12, '2021-01-07 06:11:40', '2021-01-07 06:11:40'),
(915, 12, 7, '2021-01-07 06:11:40', '2021-01-07 06:11:40'),
(916, 12, 11, '2021-01-07 06:11:40', '2021-01-07 06:11:40'),
(917, 12, 10, '2021-01-07 06:11:40', '2021-01-07 06:11:40'),
(918, 8, 7, '2021-01-07 06:16:54', '2021-01-07 06:16:54'),
(919, 8, 2, '2021-01-07 06:16:54', '2021-01-07 06:16:54'),
(920, 8, 12, '2021-01-07 06:16:54', '2021-01-07 06:16:54'),
(921, 8, 7, '2021-01-07 06:16:54', '2021-01-07 06:16:54'),
(922, 8, 11, '2021-01-07 06:16:54', '2021-01-07 06:16:54'),
(923, 8, 7, '2021-01-07 06:16:54', '2021-01-07 06:16:54'),
(924, 8, 11, '2021-01-07 06:16:54', '2021-01-07 06:16:54'),
(925, 8, 11, '2021-01-07 06:16:54', '2021-01-07 06:16:54'),
(926, 8, 2, '2021-01-07 06:16:54', '2021-01-07 06:16:54'),
(927, 8, 2, '2021-01-07 06:16:54', '2021-01-07 06:16:54'),
(928, 8, 12, '2021-01-07 06:16:54', '2021-01-07 06:16:54'),
(929, 8, 12, '2021-01-07 06:16:54', '2021-01-07 06:16:54'),
(930, 8, 10, '2021-01-07 06:16:54', '2021-01-07 06:16:54'),
(931, 8, 12, '2021-01-07 06:16:54', '2021-01-07 06:16:54'),
(932, 8, 12, '2021-01-07 06:16:54', '2021-01-07 06:16:54'),
(933, 8, 2, '2021-01-07 06:16:54', '2021-01-07 06:16:54'),
(934, 11, 10, '2021-01-08 01:31:40', '2021-01-08 01:31:40'),
(935, 11, 12, '2021-01-08 01:31:40', '2021-01-08 01:31:40'),
(936, 11, 12, '2021-01-08 01:31:40', '2021-01-08 01:31:40'),
(937, 11, 10, '2021-01-08 01:31:40', '2021-01-08 01:31:40'),
(938, 12, 11, '2021-01-08 04:30:39', '2021-01-08 04:30:39'),
(939, 12, 12, '2021-01-08 04:30:39', '2021-01-08 04:30:39'),
(940, 12, 2, '2021-01-08 04:31:34', '2021-01-08 04:31:34'),
(941, 12, 10, '2021-01-08 04:31:34', '2021-01-08 04:31:34'),
(942, 8, 7, '2021-01-08 04:32:23', '2021-01-08 04:32:23'),
(943, 8, 10, '2021-01-08 04:32:23', '2021-01-08 04:32:23'),
(944, 8, 12, '2021-01-08 04:32:23', '2021-01-08 04:32:23'),
(945, 8, 12, '2021-01-08 04:32:23', '2021-01-08 04:32:23'),
(946, 8, 2, '2021-01-08 04:32:23', '2021-01-08 04:32:23'),
(947, 8, 10, '2021-01-08 04:32:23', '2021-01-08 04:32:23'),
(948, 8, 7, '2021-01-08 04:32:23', '2021-01-08 04:32:23'),
(949, 8, 12, '2021-01-08 04:32:23', '2021-01-08 04:32:23'),
(950, 8, 10, '2021-01-08 04:32:23', '2021-01-08 04:32:23'),
(951, 8, 2, '2021-01-08 04:32:23', '2021-01-08 04:32:23'),
(952, 8, 11, '2021-01-08 04:32:23', '2021-01-08 04:32:23'),
(953, 8, 12, '2021-01-08 04:32:23', '2021-01-08 04:32:23'),
(954, 8, 11, '2021-01-08 04:32:23', '2021-01-08 04:32:23'),
(955, 8, 12, '2021-01-08 04:32:23', '2021-01-08 04:32:23'),
(956, 8, 10, '2021-01-08 04:32:23', '2021-01-08 04:32:23'),
(957, 8, 12, '2021-01-08 04:32:23', '2021-01-08 04:32:23'),
(958, 8, 12, '2021-01-08 04:36:54', '2021-01-08 04:36:54'),
(959, 8, 2, '2021-01-08 04:37:05', '2021-01-08 04:37:05'),
(960, 8, 2, '2021-01-08 04:37:17', '2021-01-08 04:37:17'),
(961, 8, 2, '2021-01-08 04:37:29', '2021-01-08 04:37:29'),
(962, 8, 7, '2021-01-08 04:37:42', '2021-01-08 04:37:42'),
(963, 8, 12, '2021-01-08 04:37:59', '2021-01-08 04:37:59'),
(964, 8, 12, '2021-01-08 04:38:14', '2021-01-08 04:38:14'),
(965, 8, 2, '2021-01-08 04:38:25', '2021-01-08 04:38:25'),
(966, 8, 8, '2021-01-08 04:38:51', '2021-01-08 04:38:51'),
(967, 8, 14, '2021-01-08 04:39:03', '2021-01-08 04:39:03'),
(968, 8, 14, '2021-01-08 04:39:20', '2021-01-08 04:39:20'),
(970, 8, 7, '2021-01-08 04:39:45', '2021-01-08 04:39:45'),
(971, 8, 7, '2021-01-08 04:39:57', '2021-01-08 04:39:57'),
(972, 8, 8, '2021-01-08 04:40:09', '2021-01-08 04:40:09'),
(974, 8, 14, '2021-01-08 04:40:25', '2021-01-08 04:40:25'),
(977, 8, 14, '2021-01-08 04:41:10', '2021-01-08 04:41:10'),
(982, 8, 14, '2021-01-08 04:46:42', '2021-01-08 04:46:42'),
(983, 8, 14, '2021-01-08 04:46:42', '2021-01-08 04:46:42'),
(986, 8, 7, '2021-01-08 04:48:42', '2021-01-08 04:48:42'),
(988, 8, 7, '2021-01-08 04:48:42', '2021-01-08 04:48:42'),
(992, 12, 11, '2021-01-08 04:49:48', '2021-01-08 04:49:48'),
(993, 12, 12, '2021-01-08 04:49:48', '2021-01-08 04:49:48'),
(994, 12, 11, '2021-01-08 04:49:48', '2021-01-08 04:49:48'),
(995, 12, 10, '2021-01-08 04:49:48', '2021-01-08 04:49:48'),
(996, 12, 2, '2021-01-08 04:49:48', '2021-01-08 04:49:48'),
(997, 12, 11, '2021-01-08 04:49:48', '2021-01-08 04:49:48'),
(998, 12, 12, '2021-01-08 04:49:48', '2021-01-08 04:49:48'),
(999, 12, 10, '2021-01-08 04:49:48', '2021-01-08 04:49:48'),
(1000, 12, 2, '2021-01-08 04:49:48', '2021-01-08 04:49:48'),
(1001, 12, 12, '2021-01-08 04:49:48', '2021-01-08 04:49:48'),
(1002, 12, 10, '2021-01-08 04:49:48', '2021-01-08 04:49:48'),
(1003, 12, 12, '2021-01-08 04:49:48', '2021-01-08 04:49:48'),
(1004, 12, 2, '2021-01-08 04:49:48', '2021-01-08 04:49:48'),
(1005, 12, 11, '2021-01-08 04:49:48', '2021-01-08 04:49:48'),
(1006, 8, 7, '2021-01-10 06:25:48', '2021-01-10 06:25:48'),
(1007, 8, 8, '2021-01-10 06:26:04', '2021-01-10 06:26:04'),
(1009, 8, 7, '2021-01-10 06:26:30', '2021-01-10 06:26:30'),
(1011, 8, 7, '2021-01-10 06:27:07', '2021-01-10 06:27:07'),
(1012, 8, 14, '2021-01-10 06:27:29', '2021-01-10 06:27:29'),
(1014, 8, 7, '2021-01-10 06:28:02', '2021-01-10 06:28:02'),
(1020, 8, 14, '2021-01-10 06:29:08', '2021-01-10 06:29:08'),
(1023, 8, 7, '2021-01-10 06:31:00', '2021-01-10 06:31:00'),
(1024, 8, 7, '2021-01-10 06:31:13', '2021-01-10 06:31:13'),
(1027, 8, 8, '2021-01-10 06:31:48', '2021-01-10 06:31:48'),
(1028, 8, 7, '2021-01-10 06:31:59', '2021-01-10 06:31:59'),
(1029, 8, 14, '2021-01-10 06:32:14', '2021-01-10 06:32:14'),
(1030, 8, 8, '2021-01-10 06:32:27', '2021-01-10 06:32:27'),
(1031, 8, 14, '2021-01-10 06:32:38', '2021-01-10 06:32:38'),
(1032, 8, 14, '2021-01-11 03:50:39', '2021-01-11 03:50:39'),
(1033, 8, 14, '2021-01-11 03:50:53', '2021-01-11 03:50:53'),
(1040, 10, 7, '2021-01-22 07:33:56', '2021-01-22 07:33:56'),
(1057, 8, 14, '2021-01-28 07:37:15', '2021-01-28 07:37:15'),
(1061, 8, 14, '2021-01-28 07:38:03', '2021-01-28 07:38:03'),
(1069, 8, 8, '2021-02-18 14:31:03', '2021-02-18 14:31:03'),
(1070, 8, 7, '2021-02-18 14:31:22', '2021-02-18 14:31:22'),
(1072, 8, 8, '2021-02-18 14:31:23', '2021-02-18 14:31:23'),
(1073, 8, 14, '2021-02-18 14:31:23', '2021-02-18 14:31:23'),
(1077, 8, 7, '2021-02-18 14:33:17', '2021-02-18 14:33:17'),
(1078, 8, 7, '2021-02-19 06:20:29', '2021-02-19 06:20:29'),
(1081, 8, 7, '2021-02-19 06:20:55', '2021-02-19 06:20:55'),
(1082, 8, 7, '2021-02-19 06:20:56', '2021-02-19 06:20:56'),
(1083, 8, 9, '2021-02-19 06:25:32', '2021-02-19 06:25:32'),
(1084, 8, 7, '2021-02-21 03:35:58', '2021-02-21 03:35:58'),
(1085, 8, 7, '2021-02-21 05:04:17', '2021-02-21 05:04:17'),
(1086, 8, 12, '2021-02-21 05:04:27', '2021-02-21 05:04:27'),
(1089, 8, 7, '2021-02-21 05:04:55', '2021-02-21 05:04:55'),
(1090, 8, 14, '2021-02-21 05:05:06', '2021-02-21 05:05:06'),
(1093, 8, 7, '2021-03-03 03:24:55', '2021-03-03 03:24:55'),
(1094, 8, 10, '2021-03-03 03:27:17', '2021-03-03 03:27:17'),
(1095, 7, 10, '2021-03-04 02:51:29', '2021-03-04 02:51:29'),
(1096, 8, 7, '2021-03-05 04:12:20', '2021-03-05 04:12:20'),
(1097, 8, 12, '2021-03-05 04:13:48', '2021-03-05 04:13:48'),
(1098, 8, 2, '2021-03-05 04:15:06', '2021-03-05 04:15:06'),
(1099, 8, 2, '2021-03-05 04:15:18', '2021-03-05 04:15:18'),
(1100, 8, 12, '2021-03-05 04:16:59', '2021-03-05 04:16:59'),
(1101, 8, 7, '2021-03-05 04:17:00', '2021-03-05 04:17:00'),
(1102, 8, 2, '2021-03-05 04:17:00', '2021-03-05 04:17:00'),
(1103, 8, 7, '2021-03-05 04:17:00', '2021-03-05 04:17:00'),
(1104, 8, 12, '2021-03-05 04:17:39', '2021-03-05 04:17:39'),
(1105, 8, 10, '2021-03-05 04:17:39', '2021-03-05 04:17:39'),
(1106, 8, 7, '2021-03-05 04:17:39', '2021-03-05 04:17:39'),
(1107, 8, 7, '2021-03-05 04:17:40', '2021-03-05 04:17:40'),
(1108, 12, 12, '2021-03-10 07:02:31', '2021-03-10 07:02:31'),
(1109, 12, 8, '2021-03-10 07:09:20', '2021-03-10 07:09:20'),
(1112, 8, 7, '2021-03-10 07:26:23', '2021-03-10 07:26:23'),
(1113, 8, 14, '2021-03-10 07:26:23', '2021-03-10 07:26:23'),
(1114, 8, 8, '2021-03-10 07:26:23', '2021-03-10 07:26:23'),
(1115, 8, 12, '2021-03-10 07:26:23', '2021-03-10 07:26:23'),
(1116, 8, 7, '2021-03-10 07:26:23', '2021-03-10 07:26:23'),
(1117, 8, 8, '2021-03-10 07:26:23', '2021-03-10 07:26:23'),
(1118, 8, 9, '2021-03-10 07:26:23', '2021-03-10 07:26:23'),
(1119, 8, 8, '2021-03-10 07:26:23', '2021-03-10 07:26:23'),
(1121, 8, 12, '2021-03-10 07:35:25', '2021-03-10 07:35:25'),
(1122, 8, 7, '2021-03-10 07:35:25', '2021-03-10 07:35:25'),
(1123, 8, 8, '2021-03-10 07:35:25', '2021-03-10 07:35:25'),
(1124, 8, 10, '2021-03-10 07:35:25', '2021-03-10 07:35:25'),
(1125, 8, 8, '2021-03-10 07:35:25', '2021-03-10 07:35:25'),
(1127, 12, 2, '2021-03-10 07:43:06', '2021-03-10 07:43:06'),
(1128, 12, 9, '2021-03-10 07:43:06', '2021-03-10 07:43:06'),
(1129, 12, 2, '2021-03-10 07:47:54', '2021-03-10 07:47:54'),
(1130, 12, 3, '2021-03-10 07:47:54', '2021-03-10 07:47:54'),
(1131, 12, 3, '2021-03-10 07:50:19', '2021-03-10 07:50:19'),
(1132, 12, 3, '2021-03-10 07:50:19', '2021-03-10 07:50:19'),
(1133, 12, 14, '2021-03-10 07:51:49', '2021-03-10 07:51:49'),
(1134, 12, 12, '2021-03-10 07:51:49', '2021-03-10 07:51:49'),
(1135, 12, 14, '2021-03-10 07:51:50', '2021-03-10 07:51:50'),
(1136, 12, 8, '2021-03-10 07:51:50', '2021-03-10 07:51:50'),
(1137, 12, 7, '2021-03-10 07:54:30', '2021-03-10 07:54:30'),
(1138, 12, 10, '2021-03-10 07:54:30', '2021-03-10 07:54:30'),
(1139, 12, 12, '2021-03-10 07:54:31', '2021-03-10 07:54:31');

-- --------------------------------------------------------

--
-- Table structure for table `tbl_user_payment_history`
--

CREATE TABLE `tbl_user_payment_history` (
  `id` int(11) NOT NULL,
  `user_id` int(11) NOT NULL,
  `payment_type` int(11) NOT NULL,
  `trans_type` varchar(15) NOT NULL,
  `trans#` varchar(50) NOT NULL,
  `amount` double NOT NULL,
  `currency` int(11) NOT NULL,
  `created_at` timestamp NOT NULL DEFAULT CURRENT_TIMESTAMP ON UPDATE CURRENT_TIMESTAMP
) ENGINE=InnoDB DEFAULT CHARSET=utf8mb4;

-- --------------------------------------------------------

--
-- Table structure for table `tbl_user_wallet_info`
--

CREATE TABLE `tbl_user_wallet_info` (
  `id` int(11) NOT NULL,
  `user_id` int(11) NOT NULL,
  `amount` double NOT NULL,
  `refund` double DEFAULT NULL,
  `currency` int(11) NOT NULL,
  `created_at` timestamp NOT NULL DEFAULT CURRENT_TIMESTAMP ON UPDATE CURRENT_TIMESTAMP,
  `updated_at` timestamp NOT NULL DEFAULT CURRENT_TIMESTAMP ON UPDATE CURRENT_TIMESTAMP
) ENGINE=InnoDB DEFAULT CHARSET=utf8mb4;

--
-- Dumping data for table `tbl_user_wallet_info`
--

INSERT INTO `tbl_user_wallet_info` (`id`, `user_id`, `amount`, `refund`, `currency`, `created_at`, `updated_at`) VALUES
(1, 7, 82.62, NULL, 1, '2021-03-03 16:51:29', '2021-03-04 02:51:29'),
(2, 8, 1698.31, NULL, 1, '2021-03-09 21:33:06', '2021-03-10 07:33:06'),
(3, 9, 963.2, NULL, 1, '2021-01-05 19:35:42', '2021-01-06 05:35:42'),
(4, 10, 458.41, 893.26, 1, '2021-02-13 23:05:44', '2021-02-14 09:05:44'),
(5, 11, 125.4, NULL, 1, '2020-12-01 18:33:42', '2020-12-01 23:33:42'),
(6, 12, 1887.54, NULL, 1, '2021-03-09 21:54:31', '2021-03-10 07:54:31');

-- --------------------------------------------------------

--
-- Table structure for table `tbl_user_withdraw_history`
--

CREATE TABLE `tbl_user_withdraw_history` (
  `id` int(11) NOT NULL,
  `user_id` int(11) DEFAULT NULL,
  `user_steam_id` varchar(50) NOT NULL,
  `skin_id` int(11) NOT NULL,
  `item_id` int(11) DEFAULT NULL,
  `trade_id` int(11) DEFAULT NULL,
  `type` int(11) DEFAULT NULL,
  `status` int(11) DEFAULT NULL,
  `market` int(11) DEFAULT NULL,
  `mp_price` double DEFAULT NULL,
  `created_at` timestamp NOT NULL DEFAULT CURRENT_TIMESTAMP ON UPDATE CURRENT_TIMESTAMP,
  `updated_at` timestamp NOT NULL DEFAULT CURRENT_TIMESTAMP ON UPDATE CURRENT_TIMESTAMP
) ENGINE=InnoDB DEFAULT CHARSET=utf8;

--
-- Dumping data for table `tbl_user_withdraw_history`
--

INSERT INTO `tbl_user_withdraw_history` (`id`, `user_id`, `user_steam_id`, `skin_id`, `item_id`, `trade_id`, `type`, `status`, `market`, `mp_price`, `created_at`, `updated_at`) VALUES
(20, 7, '76561199048347242', 2, 0, 0, 1, NULL, NULL, NULL, '2020-11-05 11:04:06', '2020-11-05 11:04:06'),
(21, 7, '76561199048347242', 2, 0, 0, 2, 2, NULL, NULL, '2020-11-06 17:13:14', '2020-11-06 22:13:14'),
(22, 8, '76561198906092142', 2, 0, 0, 1, 0, NULL, NULL, '2020-11-11 00:12:41', '2020-11-11 00:12:41'),
(23, 8, '76561198906092142', 2, 0, 0, 2, 2, NULL, NULL, '2020-11-20 20:37:37', '2020-11-21 01:37:37'),
(24, 8, '76561198906092142', 2, 0, 0, 2, 2, NULL, NULL, '2020-11-20 20:37:29', '2020-11-21 01:37:29'),
(25, 8, '76561198906092142', 3, 0, 0, 2, 2, NULL, NULL, '2020-11-20 20:37:33', '2020-11-21 01:37:33'),
(26, 8, '76561198906092142', 3, 0, 0, 1, 0, NULL, NULL, '2020-11-18 00:47:03', '2020-11-18 00:47:03'),
(27, 8, '76561198906092142', 2, 0, 0, 1, 0, NULL, NULL, '2020-11-23 21:08:00', '2020-11-23 21:08:00'),
(28, 8, '76561198906092142', 8, 0, 0, 1, 0, NULL, NULL, '2020-12-12 22:32:23', '2020-12-12 22:32:23'),
(29, 8, '76561198906092142', 8, 0, 0, 1, 0, NULL, NULL, '2020-12-12 22:32:30', '2020-12-12 22:32:30'),
(30, 8, '76561198906092142', 8, 0, 0, 1, 0, NULL, NULL, '2020-12-12 22:32:37', '2020-12-12 22:32:37'),
(31, 8, '76561198906092142', 7, 0, 0, 1, 0, NULL, NULL, '2020-12-13 03:23:26', '2020-12-13 03:23:26'),
(32, 8, '76561198906092142', 7, 0, 0, 1, 0, NULL, NULL, '2020-12-15 00:29:22', '2020-12-15 00:29:22'),
(33, 8, '76561198906092142', 7, 0, 0, 1, 0, NULL, NULL, '2020-12-15 00:29:29', '2020-12-15 00:29:29'),
(34, 8, '76561198906092142', 11, 0, 0, 1, 0, NULL, NULL, '2020-12-15 00:29:36', '2020-12-15 00:29:36'),
(35, 8, '76561198906092142', 7, 0, 0, 1, 0, NULL, NULL, '2020-12-15 00:29:44', '2020-12-15 00:29:44'),
(36, 8, '76561198906092142', 11, 0, 0, 1, 0, NULL, NULL, '2020-12-15 00:29:51', '2020-12-15 00:29:51'),
(37, 8, '76561198906092142', 8, 0, 0, 1, 0, NULL, NULL, '2020-12-15 00:29:59', '2020-12-15 00:29:59'),
(38, 8, '76561198906092142', 8, 0, 0, 1, 0, NULL, NULL, '2020-12-15 00:30:07', '2020-12-15 00:30:07'),
(39, 8, '76561198906092142', 8, 0, 0, 1, 0, NULL, NULL, '2020-12-15 00:30:15', '2020-12-15 00:30:15'),
(40, 8, '76561198906092142', 8, 0, 0, 1, 0, NULL, NULL, '2020-12-15 00:30:24', '2020-12-15 00:30:24'),
(41, 8, '76561198906092142', 11, 0, 0, 1, 0, NULL, NULL, '2020-12-15 00:30:32', '2020-12-15 00:30:32'),
(42, 8, '76561198906092142', 11, 0, 0, 1, 0, NULL, NULL, '2020-12-15 00:30:39', '2020-12-15 00:30:39'),
(43, 8, '76561198906092142', 11, 0, 0, 1, 0, NULL, NULL, '2020-12-15 00:30:47', '2020-12-15 00:30:47'),
(44, 8, '76561198906092142', 11, 0, 0, 1, 0, NULL, NULL, '2020-12-15 00:30:54', '2020-12-15 00:30:54'),
(45, 8, '76561198906092142', 8, 0, 0, 1, 0, NULL, NULL, '2020-12-15 00:31:02', '2020-12-15 00:31:02'),
(46, 8, '76561198906092142', 8, 0, 0, 1, 0, NULL, NULL, '2020-12-15 00:31:09', '2020-12-15 00:31:09'),
(47, 8, '76561198906092142', 7, 0, 0, 1, 0, NULL, NULL, '2020-12-15 00:31:16', '2020-12-15 00:31:16'),
(48, 8, '76561198906092142', 7, 0, 0, 1, 0, NULL, NULL, '2020-12-15 00:31:24', '2020-12-15 00:31:24'),
(49, 8, '76561198906092142', 7, 0, 0, 1, 0, NULL, NULL, '2020-12-15 00:31:30', '2020-12-15 00:31:30'),
(50, 8, '76561198906092142', 8, 0, 0, 1, 0, NULL, NULL, '2020-12-15 00:31:38', '2020-12-15 00:31:38'),
(51, 8, '76561198906092142', 8, 0, 0, 1, 0, NULL, NULL, '2020-12-15 00:31:45', '2020-12-15 00:31:45'),
(52, 8, '76561198906092142', 8, 0, 0, 1, 0, NULL, NULL, '2020-12-15 00:31:54', '2020-12-15 00:31:54'),
(53, 8, '76561198906092142', 8, 0, 0, 1, 0, NULL, NULL, '2020-12-15 00:32:01', '2020-12-15 00:32:01'),
(54, 8, '76561198906092142', 7, 0, 0, 1, 0, NULL, NULL, '2020-12-15 00:32:10', '2020-12-15 00:32:10'),
(55, 8, '76561198906092142', 7, 0, 0, 1, 0, NULL, NULL, '2020-12-15 00:32:16', '2020-12-15 00:32:16'),
(56, 8, '76561198906092142', 7, 0, 0, 1, 0, NULL, NULL, '2020-12-15 00:32:24', '2020-12-15 00:32:24'),
(57, 8, '76561198906092142', 7, 0, 0, 1, 0, NULL, NULL, '2020-12-15 00:32:31', '2020-12-15 00:32:31'),
(58, 8, '76561198906092142', 7, 0, 0, 1, 0, NULL, NULL, '2020-12-15 00:32:38', '2020-12-15 00:32:38'),
(59, 8, '76561198906092142', 7, 0, 0, 1, 0, NULL, NULL, '2020-12-15 00:32:46', '2020-12-15 00:32:46'),
(60, 8, '76561198906092142', 7, 0, 0, 1, 0, NULL, NULL, '2020-12-15 00:32:54', '2020-12-15 00:32:54'),
(61, 8, '76561198906092142', 7, 0, 0, 1, 0, NULL, NULL, '2020-12-15 00:33:01', '2020-12-15 00:33:01'),
(62, 8, '76561198906092142', 7, 0, 0, 1, 0, NULL, NULL, '2020-12-15 00:33:09', '2020-12-15 00:33:09'),
(63, 8, '76561198906092142', 7, 0, 0, 1, 0, NULL, NULL, '2020-12-15 00:33:16', '2020-12-15 00:33:16'),
(64, 8, '76561198906092142', 7, 0, 0, 1, 0, NULL, NULL, '2020-12-15 00:33:24', '2020-12-15 00:33:24'),
(65, 8, '76561198906092142', 7, 0, 0, 1, 0, NULL, NULL, '2020-12-15 00:33:32', '2020-12-15 00:33:32'),
(66, 8, '76561198906092142', 7, 0, 0, 1, 0, NULL, NULL, '2020-12-15 00:33:39', '2020-12-15 00:33:39'),
(67, 8, '76561198906092142', 7, 0, 0, 1, 0, NULL, NULL, '2020-12-15 00:33:46', '2020-12-15 00:33:46'),
(68, 8, '76561198906092142', 7, 0, 0, 1, 0, NULL, NULL, '2020-12-15 00:33:54', '2020-12-15 00:33:54'),
(69, 8, '76561198906092142', 7, 0, 0, 1, 0, NULL, NULL, '2020-12-15 00:34:01', '2020-12-15 00:34:01'),
(70, 8, '76561198906092142', 8, 0, 0, 1, 0, NULL, NULL, '2020-12-15 00:34:15', '2020-12-15 00:34:15'),
(71, 8, '76561198906092142', 8, 0, 0, 1, 0, NULL, NULL, '2020-12-15 00:34:22', '2020-12-15 00:34:22'),
(72, 8, '76561198906092142', 8, 0, 0, 1, 0, NULL, NULL, '2020-12-15 00:34:27', '2020-12-15 00:34:27'),
(73, 8, '76561198906092142', 8, 0, 0, 1, 0, NULL, NULL, '2020-12-15 00:35:26', '2020-12-15 00:35:26'),
(74, 8, '76561198906092142', 11, 0, 0, 1, 0, NULL, NULL, '2020-12-21 03:32:31', '2020-12-21 03:32:31'),
(75, 8, '76561198906092142', 7, 0, 0, 1, 0, NULL, NULL, '2020-12-21 03:32:37', '2020-12-21 03:32:37'),
(76, 8, '76561198906092142', 11, 0, 0, 1, 0, NULL, NULL, '2020-12-21 03:32:44', '2020-12-21 03:32:44'),
(77, 8, '76561198906092142', 7, 0, 0, 1, 0, NULL, NULL, '2020-12-21 03:32:51', '2020-12-21 03:32:51'),
(78, 8, '76561198906092142', 7, 0, 0, 1, 0, NULL, NULL, '2020-12-21 03:33:01', '2020-12-21 03:33:01'),
(79, 8, '76561198906092142', 12, 0, 0, 1, 0, NULL, NULL, '2020-12-21 03:33:10', '2020-12-21 03:33:10'),
(80, 8, '76561198906092142', 10, 0, 0, 1, 0, NULL, NULL, '2020-12-21 03:33:17', '2020-12-21 03:33:17'),
(81, 8, '76561198906092142', 10, 0, 0, 1, 0, NULL, NULL, '2020-12-21 03:33:38', '2020-12-21 03:33:38'),
(82, 8, '76561198906092142', 8, 0, 0, 1, 0, NULL, NULL, '2020-12-21 03:33:46', '2020-12-21 03:33:46'),
(83, 8, '76561198906092142', 8, 0, 0, 1, 0, NULL, NULL, '2020-12-21 03:34:08', '2020-12-21 03:34:08'),
(84, 8, '76561198906092142', 11, 0, 0, 1, 0, NULL, NULL, '2020-12-21 03:34:15', '2020-12-21 03:34:15'),
(85, 8, '76561198906092142', 8, 0, 0, 1, 0, NULL, NULL, '2020-12-21 03:34:25', '2020-12-21 03:34:25'),
(86, 8, '76561198906092142', 8, 0, 0, 1, 0, NULL, NULL, '2020-12-21 03:34:34', '2020-12-21 03:34:34'),
(87, 8, '76561198906092142', 8, 0, 0, 1, 0, NULL, NULL, '2020-12-21 03:34:41', '2020-12-21 03:34:41'),
(88, 8, '76561198906092142', 8, 0, 0, 1, 0, NULL, NULL, '2020-12-21 03:34:48', '2020-12-21 03:34:48'),
(89, 8, '76561198906092142', 8, 0, 0, 1, 0, NULL, NULL, '2020-12-21 03:34:56', '2020-12-21 03:34:56'),
(90, 8, '76561198906092142', 8, 0, 0, 1, 0, NULL, NULL, '2020-12-21 03:35:03', '2020-12-21 03:35:03'),
(91, 8, '76561198906092142', 8, 0, 0, 1, 0, NULL, NULL, '2020-12-21 03:35:13', '2020-12-21 03:35:13'),
(92, 8, '76561198906092142', 8, 0, 0, 1, 0, NULL, NULL, '2020-12-21 03:35:19', '2020-12-21 03:35:19'),
(93, 8, '76561198906092142', 8, 0, 0, 1, 0, NULL, NULL, '2020-12-21 03:35:30', '2020-12-21 03:35:30'),
(94, 8, '76561198906092142', 8, 0, 0, 1, 0, NULL, NULL, '2020-12-21 03:35:37', '2020-12-21 03:35:37'),
(95, 8, '76561198906092142', 8, 0, 0, 1, 0, NULL, NULL, '2020-12-21 03:35:46', '2020-12-21 03:35:46'),
(96, 8, '76561198906092142', 8, 0, 0, 1, 0, NULL, NULL, '2020-12-21 03:35:55', '2020-12-21 03:35:55'),
(97, 8, '76561198906092142', 8, 0, 0, 1, 0, NULL, NULL, '2020-12-21 03:36:02', '2020-12-21 03:36:02'),
(98, 8, '76561198906092142', 8, 0, 0, 1, 0, NULL, NULL, '2020-12-21 03:36:49', '2020-12-21 03:36:49'),
(99, 8, '76561198906092142', 8, 0, 0, 1, 0, NULL, NULL, '2020-12-21 03:36:56', '2020-12-21 03:36:56'),
(100, 8, '76561198906092142', 8, 0, 0, 1, 0, NULL, NULL, '2020-12-21 03:37:29', '2020-12-21 03:37:29'),
(101, 8, '76561198906092142', 8, 0, 0, 1, 0, NULL, NULL, '2020-12-21 03:37:36', '2020-12-21 03:37:36'),
(102, 8, '76561198906092142', 8, 0, 0, 1, 0, NULL, NULL, '2020-12-21 03:37:53', '2020-12-21 03:37:53'),
(103, 8, '76561198906092142', 8, 0, 0, 1, 0, NULL, NULL, '2020-12-21 03:38:01', '2020-12-21 03:38:01'),
(104, 8, '76561198906092142', 8, 0, 0, 1, 0, NULL, NULL, '2020-12-21 03:38:09', '2020-12-21 03:38:09'),
(105, 8, '76561198906092142', 8, 0, 0, 1, 0, NULL, NULL, '2020-12-21 03:38:15', '2020-12-21 03:38:15'),
(106, 8, '76561198906092142', 8, 0, 0, 1, 0, NULL, NULL, '2020-12-21 03:38:22', '2020-12-21 03:38:22'),
(107, 8, '76561198906092142', 8, 0, 0, 1, 0, NULL, NULL, '2020-12-21 03:38:31', '2020-12-21 03:38:31'),
(108, 8, '76561198906092142', 8, 0, 0, 1, 0, NULL, NULL, '2020-12-21 03:38:38', '2020-12-21 03:38:38'),
(118, 8, '76561198906092142', 7, 0, 0, 2, 3, 1, 15, '2021-02-13 23:06:17', '2021-02-14 09:06:17'),
(119, 10, '76561199107447034', 12, 0, 0, 2, 3, 1, 5, '2021-02-13 23:06:13', '2021-02-14 09:06:13'),
(120, 12, '76561198906119782', 7, 0, 0, 2, 3, 1, 15, '2021-02-13 23:06:10', '2021-02-14 09:06:10'),
(121, 12, '76561198906119782', 7, 0, 0, 1, 0, 0, 0, '2020-12-31 22:20:51', '2020-12-31 22:20:51'),
(122, 12, '76561198906119782', 7, 0, 0, 1, 0, 0, 0, '2020-12-31 22:20:56', '2020-12-31 22:20:56'),
(123, 12, '76561198906119782', 7, 0, 0, 1, 0, 0, 0, '2020-12-31 22:21:01', '2020-12-31 22:21:01'),
(124, 12, '76561198906119782', 7, 0, 0, 1, 0, 0, 0, '2020-12-31 22:21:07', '2020-12-31 22:21:07'),
(125, 12, '76561198906119782', 7, 0, 0, 1, 0, 0, 0, '2020-12-31 22:21:13', '2020-12-31 22:21:13'),
(126, 8, '76561198906092142', 14, 0, 0, 1, 0, 0, 0, '2020-12-31 23:33:38', '2020-12-31 23:33:38'),
(127, 12, '76561198906119782', 14, 0, 0, 1, 0, 0, 0, '2020-12-31 23:41:35', '2020-12-31 23:41:35'),
(128, 12, '76561198906119782', 14, 0, 0, 1, 0, 0, 0, '2020-12-31 23:41:40', '2020-12-31 23:41:40'),
(129, 8, '76561198906092142', 8, 0, 0, 2, 3, 1, 6, '2021-02-13 23:06:07', '2021-02-14 09:06:07'),
(130, 10, '76561199107447034', 8, 0, 0, 1, 0, 0, 0, '2021-01-17 04:33:32', '2021-01-17 04:33:32'),
(131, 10, '76561199107447034', 14, 0, 0, 1, 0, 0, 0, '2021-01-17 04:34:00', '2021-01-17 04:34:00'),
(132, 10, '76561199107447034', 11, 0, 0, 2, 3, 1, 10, '2021-02-13 23:05:58', '2021-02-14 09:05:58'),
(133, 8, '76561198906092142', 10, 0, 0, 2, 3, 0, 0, '2021-02-13 23:05:52', '2021-02-14 09:05:52'),
(134, 12, '76561198906119782', 14, 0, 0, 2, 1, 0, 0, '2021-03-10 07:39:15', '2021-03-10 07:39:15'),
(135, 8, '76561198906092142', 7, 0, 0, 2, 1, 0, 0, '2021-03-10 07:40:21', '2021-03-10 07:40:21');

-- --------------------------------------------------------

--
-- Table structure for table `tbl_usr`
--

CREATE TABLE `tbl_usr` (
  `id` int(11) NOT NULL,
  `fullname` varchar(50) NOT NULL,
  `email` varchar(50) DEFAULT NULL,
  `username` varchar(25) NOT NULL,
  `password` varchar(250) NOT NULL,
  `age` int(11) DEFAULT NULL,
  `cnic` varchar(30) DEFAULT NULL,
  `phone` varchar(20) DEFAULT NULL,
  `role_id` int(11) NOT NULL,
  `created_at` timestamp NOT NULL DEFAULT CURRENT_TIMESTAMP,
  `updated_at` timestamp NOT NULL DEFAULT CURRENT_TIMESTAMP ON UPDATE CURRENT_TIMESTAMP,
  `status` int(11) NOT NULL,
  `remember_token` varchar(250) NOT NULL
) ENGINE=InnoDB DEFAULT CHARSET=utf8mb4;

--
-- Dumping data for table `tbl_usr`
--

INSERT INTO `tbl_usr` (`id`, `fullname`, `email`, `username`, `password`, `age`, `cnic`, `phone`, `role_id`, `created_at`, `updated_at`, `status`, `remember_token`) VALUES
(1, 'Muhammad Waseem', 'captain.wasi@gmail.com', 'wasi', '$2y$12$lP7E8qxrzphGZnTsWveIJOYI6jNYbeCXbj.24Fzay54afR4314EES', 26, '1111111111', '0303-2260684', 1, '2020-07-09 11:45:21', '2020-11-17 17:35:12', 1, 'ayokJqTzrCW4GeKN2ugmjhlDtDFEhzxMMRddTss7ygg22xZEjVlilXrnNLAD');

--
-- Indexes for dumped tables
--

--
-- Indexes for table `tbl_battle`
--
ALTER TABLE `tbl_battle`
  ADD PRIMARY KEY (`id`);

--
-- Indexes for table `tbl_battle_detail`
--
ALTER TABLE `tbl_battle_detail`
  ADD PRIMARY KEY (`id`);

--
-- Indexes for table `tbl_battle_player`
--
ALTER TABLE `tbl_battle_player`
  ADD PRIMARY KEY (`id`);

--
-- Indexes for table `tbl_battle_win`
--
ALTER TABLE `tbl_battle_win`
  ADD PRIMARY KEY (`id`);

--
-- Indexes for table `tbl_case_category`
--
ALTER TABLE `tbl_case_category`
  ADD PRIMARY KEY (`id`);

--
-- Indexes for table `tbl_case_detail_info`
--
ALTER TABLE `tbl_case_detail_info`
  ADD PRIMARY KEY (`id`);

--
-- Indexes for table `tbl_case_info`
--
ALTER TABLE `tbl_case_info`
  ADD PRIMARY KEY (`id`);

--
-- Indexes for table `tbl_currency`
--
ALTER TABLE `tbl_currency`
  ADD PRIMARY KEY (`id`);

--
-- Indexes for table `tbl_giveaway_info`
--
ALTER TABLE `tbl_giveaway_info`
  ADD PRIMARY KEY (`id`);

--
-- Indexes for table `tbl_giveaway_participate`
--
ALTER TABLE `tbl_giveaway_participate`
  ADD PRIMARY KEY (`id`);

--
-- Indexes for table `tbl_giveaway_type`
--
ALTER TABLE `tbl_giveaway_type`
  ADD PRIMARY KEY (`id`);

--
-- Indexes for table `tbl_marketplace_info`
--
ALTER TABLE `tbl_marketplace_info`
  ADD PRIMARY KEY (`id`);

--
-- Indexes for table `tbl_marketplace_sale`
--
ALTER TABLE `tbl_marketplace_sale`
  ADD PRIMARY KEY (`id`);

--
-- Indexes for table `tbl_payment_history`
--
ALTER TABLE `tbl_payment_history`
  ADD PRIMARY KEY (`id`);

--
-- Indexes for table `tbl_role`
--
ALTER TABLE `tbl_role`
  ADD PRIMARY KEY (`id`);

--
-- Indexes for table `tbl_skin_info`
--
ALTER TABLE `tbl_skin_info`
  ADD PRIMARY KEY (`id`);

--
-- Indexes for table `tbl_steam_user`
--
ALTER TABLE `tbl_steam_user`
  ADD PRIMARY KEY (`id`),
  ADD UNIQUE KEY `steamid` (`steamid`),
  ADD UNIQUE KEY `email` (`email`);

--
-- Indexes for table `tbl_user_balance_refill_crypto`
--
ALTER TABLE `tbl_user_balance_refill_crypto`
  ADD PRIMARY KEY (`id`);

--
-- Indexes for table `tbl_user_inventory`
--
ALTER TABLE `tbl_user_inventory`
  ADD PRIMARY KEY (`id`);

--
-- Indexes for table `tbl_user_payment_history`
--
ALTER TABLE `tbl_user_payment_history`
  ADD PRIMARY KEY (`id`);

--
-- Indexes for table `tbl_user_wallet_info`
--
ALTER TABLE `tbl_user_wallet_info`
  ADD PRIMARY KEY (`id`);

--
-- Indexes for table `tbl_user_withdraw_history`
--
ALTER TABLE `tbl_user_withdraw_history`
  ADD PRIMARY KEY (`id`);

--
-- Indexes for table `tbl_usr`
--
ALTER TABLE `tbl_usr`
  ADD PRIMARY KEY (`id`);

--
-- AUTO_INCREMENT for dumped tables
--

--
-- AUTO_INCREMENT for table `tbl_battle`
--
ALTER TABLE `tbl_battle`
  MODIFY `id` int(11) NOT NULL AUTO_INCREMENT, AUTO_INCREMENT=90;

--
-- AUTO_INCREMENT for table `tbl_battle_detail`
--
ALTER TABLE `tbl_battle_detail`
  MODIFY `id` int(11) NOT NULL AUTO_INCREMENT, AUTO_INCREMENT=123;

--
-- AUTO_INCREMENT for table `tbl_battle_player`
--
ALTER TABLE `tbl_battle_player`
  MODIFY `id` int(11) NOT NULL AUTO_INCREMENT, AUTO_INCREMENT=188;

--
-- AUTO_INCREMENT for table `tbl_battle_win`
--
ALTER TABLE `tbl_battle_win`
  MODIFY `id` int(11) NOT NULL AUTO_INCREMENT;

--
-- AUTO_INCREMENT for table `tbl_case_category`
--
ALTER TABLE `tbl_case_category`
  MODIFY `id` int(11) NOT NULL AUTO_INCREMENT, AUTO_INCREMENT=4;

--
-- AUTO_INCREMENT for table `tbl_case_detail_info`
--
ALTER TABLE `tbl_case_detail_info`
  MODIFY `id` int(11) NOT NULL AUTO_INCREMENT, AUTO_INCREMENT=161;

--
-- AUTO_INCREMENT for table `tbl_case_info`
--
ALTER TABLE `tbl_case_info`
  MODIFY `id` int(11) NOT NULL AUTO_INCREMENT, AUTO_INCREMENT=40;

--
-- AUTO_INCREMENT for table `tbl_currency`
--
ALTER TABLE `tbl_currency`
  MODIFY `id` int(11) NOT NULL AUTO_INCREMENT;

--
-- AUTO_INCREMENT for table `tbl_giveaway_info`
--
ALTER TABLE `tbl_giveaway_info`
  MODIFY `id` int(11) NOT NULL AUTO_INCREMENT, AUTO_INCREMENT=57;

--
-- AUTO_INCREMENT for table `tbl_giveaway_participate`
--
ALTER TABLE `tbl_giveaway_participate`
  MODIFY `id` int(11) NOT NULL AUTO_INCREMENT, AUTO_INCREMENT=8;

--
-- AUTO_INCREMENT for table `tbl_giveaway_type`
--
ALTER TABLE `tbl_giveaway_type`
  MODIFY `id` int(11) NOT NULL AUTO_INCREMENT, AUTO_INCREMENT=6;

--
-- AUTO_INCREMENT for table `tbl_marketplace_info`
--
ALTER TABLE `tbl_marketplace_info`
  MODIFY `id` int(11) NOT NULL AUTO_INCREMENT, AUTO_INCREMENT=20;

--
-- AUTO_INCREMENT for table `tbl_marketplace_sale`
--
ALTER TABLE `tbl_marketplace_sale`
  MODIFY `id` int(11) NOT NULL AUTO_INCREMENT, AUTO_INCREMENT=29;

--
-- AUTO_INCREMENT for table `tbl_payment_history`
--
ALTER TABLE `tbl_payment_history`
  MODIFY `id` int(11) NOT NULL AUTO_INCREMENT;

--
-- AUTO_INCREMENT for table `tbl_role`
--
ALTER TABLE `tbl_role`
  MODIFY `id` int(11) NOT NULL AUTO_INCREMENT, AUTO_INCREMENT=3;

--
-- AUTO_INCREMENT for table `tbl_skin_info`
--
ALTER TABLE `tbl_skin_info`
  MODIFY `id` int(11) NOT NULL AUTO_INCREMENT, AUTO_INCREMENT=15;

--
-- AUTO_INCREMENT for table `tbl_steam_user`
--
ALTER TABLE `tbl_steam_user`
  MODIFY `id` int(11) NOT NULL AUTO_INCREMENT, AUTO_INCREMENT=14;

--
-- AUTO_INCREMENT for table `tbl_user_balance_refill_crypto`
--
ALTER TABLE `tbl_user_balance_refill_crypto`
  MODIFY `id` int(11) NOT NULL AUTO_INCREMENT, AUTO_INCREMENT=7;

--
-- AUTO_INCREMENT for table `tbl_user_inventory`
--
ALTER TABLE `tbl_user_inventory`
  MODIFY `id` int(11) NOT NULL AUTO_INCREMENT, AUTO_INCREMENT=1140;

--
-- AUTO_INCREMENT for table `tbl_user_payment_history`
--
ALTER TABLE `tbl_user_payment_history`
  MODIFY `id` int(11) NOT NULL AUTO_INCREMENT;

--
-- AUTO_INCREMENT for table `tbl_user_wallet_info`
--
ALTER TABLE `tbl_user_wallet_info`
  MODIFY `id` int(11) NOT NULL AUTO_INCREMENT, AUTO_INCREMENT=7;

--
-- AUTO_INCREMENT for table `tbl_user_withdraw_history`
--
ALTER TABLE `tbl_user_withdraw_history`
  MODIFY `id` int(11) NOT NULL AUTO_INCREMENT, AUTO_INCREMENT=136;

--
-- AUTO_INCREMENT for table `tbl_usr`
--
ALTER TABLE `tbl_usr`
  MODIFY `id` int(11) NOT NULL AUTO_INCREMENT, AUTO_INCREMENT=2;
COMMIT;

/*!40101 SET CHARACTER_SET_CLIENT=@OLD_CHARACTER_SET_CLIENT */;
/*!40101 SET CHARACTER_SET_RESULTS=@OLD_CHARACTER_SET_RESULTS */;
/*!40101 SET COLLATION_CONNECTION=@OLD_COLLATION_CONNECTION */;
